Week Commencing,Week No,RSV pos_Total of LabPK,RSV pos_0-<05,RSV pos_05-14,RSV pos_15-44,RSV pos_45-64,RSV pos_65+,RSV tot_Total,RSV tot_0-<05,RSV tot_05-14,RSV tot_15-44,RSV tot_45-64,RSV tot_65+,RSV %_Total,RSV %_0-<05,RSV %_05-14,RSV %_15-44,RSV %_45-64,RSV %_65+
01/10/2012,40,21,20,,1,,,679,279,64,139,112,67,3.09,7.17,0,0.72,0,0
08/10/2012,41,38,36,,,2,,635,271,56,138,104,53,5.98,13.28,0,0,1.92,0
15/10/2012,42,46,43,,1,2,,633,245,36,149,115,64,7.27,17.55,0,0.67,1.74,0
22/10/2012,43,92,81,2,6,,2,732,324,48,155,112,68,12.57,25,4.17,3.87,0,2.941176471
29/10/2012,44,157,150,2,2,,2,868,386,46,172,131,88,18.09,38.86,4.35,1.16,0,2.272727273
05/11/2012,45,219,199,4,4,6,1,935,462,53,185,135,72,23.42,43.07,7.55,2.16,4.44,1.388888889
12/11/2012,46,227,203,2,9,9,3,981,468,71,192,140,89,23.14,43.38,2.82,4.69,6.43,3.370786517
19/11/2012,47,314,277,5,8,16,5,1099,562,67,209,152,82,28.57,49.29,7.46,3.83,10.53,6.097560976
26/11/2012,48,377,320,18,17,17,3,1205,659,94,197,150,74,31.29,48.56,19.15,8.63,11.33,4.054054054
03/12/2012,49,364,323,9,10,14,6,1157,630,97,185,123,74,31.46,51.27,9.28,5.41,11.38,8.108108108
10/12/2012,50,304,247,8,8,19,16,1256,545,137,225,188,115,24.2,45.32,5.84,3.56,10.11,13.91304348
17/12/2012,51,259,209,4,13,21,5,1324,486,148,268,241,127,19.56,43,2.7,4.85,8.71,3.937007874
24/12/2012,52,261,182,11,25,19,19,1283,506,127,271,190,139,20.34,35.97,8.66,9.23,10,13.66906475
31/12/2012,1,208,145,9,17,20,11,1381,468,96,330,268,175,15.06,30.98,9.38,5.15,7.46,6.285714286
07/01/2013,2,147,86,8,21,16,16,1249,344,79,298,294,234,11.77,25,10.13,7.05,5.44,6.837606838
14/01/2013,3,97,65,1,9,13,9,1016,319,70,234,222,171,9.55,20.38,1.43,3.85,5.86,5.263157895
21/01/2013,4,73,44,4,9,9,7,1098,354,108,238,217,180,6.65,12.43,3.7,3.78,4.15,3.888888889
28/01/2013,5,64,37,3,6,9,9,1212,382,138,279,196,215,5.28,9.69,2.17,2.15,4.59,4.186046512
04/02/2013,6,63,37,7,10,6,3,1212,367,139,292,224,188,5.2,10.08,5.04,3.42,2.68,1.595744681
11/02/2013,7,55,37,4,8,4,2,1337,367,103,347,301,217,4.11,10.08,3.88,2.31,1.33,0.921658986
18/02/2013,8,50,32,2,2,6,8,1288,369,82,300,262,271,3.88,8.67,2.44,0.67,2.29,2.95202952
25/02/2013,9,38,23,2,1,8,4,1249,332,87,289,253,285,3.04,6.93,2.3,0.35,3.16,1.403508772
04/03/2013,10,28,14,1,1,4,8,1170,335,88,265,259,220,2.39,4.18,1.14,0.38,1.54,3.636363636
11/03/2013,11,23,15,2,2,2,2,1208,359,91,250,228,279,1.9,4.18,2.2,0.8,0.88,0.716845878
18/03/2013,12,26,13,,2,5,5,1269,335,90,291,227,320,2.05,3.88,0,0.69,2.2,1.5625
25/03/2013,13,23,14,2,3,4,,1106,320,79,243,217,241,2.08,4.38,2.53,1.23,1.84,0
01/04/2013,14,17,11,,2,2,2,1010,322,64,185,214,225,1.68,3.42,0,1.08,0.93,0.888888889
08/04/2013,15,11,5,,3,1,2,1031,271,49,214,225,271,1.07,1.85,0,1.4,0.44,0.73800738
15/04/2013,16,15,7,,1,6,1,940,248,52,217,209,214,1.6,2.82,0,0.46,2.87,0.46728972
22/04/2013,17,11,7,1,1,2,,805,255,56,181,166,145,1.37,2.75,1.79,0.55,1.2,0
29/04/2013,18,13,10,,1,1,1,799,247,60,169,180,141,1.63,4.05,0,0.59,0.56,0.709219858
06/05/2013,19,5,5,,,,,760,252,60,139,161,144,0.66,1.98,0,0,0,0
13/05/2013,20,12,7,1,,,4,840,272,77,206,146,139,1.43,2.57,1.3,0,0,2.877697842
20/05/2013,21,6,5,1,,,,710,226,52,165,145,121,0.85,2.21,1.92,0,0,0
27/05/2013,22,8,5,,2,1,,707,216,46,166,146,132,1.13,2.31,0,1.2,0.68,0
03/06/2013,23,2,1,,,1,,698,208,58,151,156,125,0.29,0.48,0,0,0.64,0
10/06/2013,24,5,4,,,,1,677,218,45,165,135,110,0.74,1.83,0,0,0,0.909090909
17/06/2013,25,7,5,1,,,1,719,213,51,157,158,139,0.97,2.35,1.96,0,0,0.71942446
24/06/2013,26,2,1,,,1,,628,200,43,141,123,121,0.32,0.5,0,0,0.81,0
01/07/2013,27,5,2,,,2,1,646,206,57,134,118,130,0.77,0.97,0,0,1.69,0.769230769
08/07/2013,28,5,5,,,,,669,206,48,159,135,121,0.75,2.43,0,0,0,0
15/07/2013,29,4,4,,,,,624,210,48,139,128,96,0.64,1.9,0,0,0,0
22/07/2013,30,4,4,,,,,616,194,52,123,138,101,0.65,2.06,0,0,0,0
29/07/2013,31,3,2,1,,,,573,194,45,136,115,57,0.52,1.03,2.22,0,0,0
05/08/2013,32,4,4,,,,,516,186,38,109,102,71,0.78,2.15,0,0,0,0
12/08/2013,33,2,1,,,1,,539,150,45,146,126,72,0.37,0.67,0,0,0.79,0
19/08/2013,34,6,6,,,,,490,163,31,116,110,70,1.22,3.68,0,0,0,0
26/08/2013,35,2,1,,1,,,447,130,27,109,95,84,0.45,0.77,0,0.92,0,0
02/09/2013,36,1,1,,,,,454,138,37,108,97,74,0.22,0.72,0,0,0,0
09/09/2013,37,2,2,,,,,495,165,49,116,96,67,0.4,1.21,0,0,0,0
16/09/2013,38,2,2,,,,,721,261,58,172,117,110,0.28,0.77,0,0,0,0
23/09/2013,39,6,6,,,,,692,251,62,164,124,89,0.87,2.39,0,0,0,0
30/09/2013,40,11,9,,,2,,776,281,66,159,145,105,1.42,3.2,0,0,1.38,0
07/10/2013,41,19,19,,,,,753,258,54,174,140,123,2.52,7.36,0,0,0,0
14/10/2013,42,38,30,,3,5,,773,252,44,204,139,132,4.92,11.9,0,1.47,3.6,0
21/10/2013,43,51,47,1,1,1,1,883,329,80,186,164,123,5.78,14.29,1.25,0.54,0.61,0.81300813
28/10/2013,44,84,78,2,,2,2,871,335,51,173,172,134,9.64,23.28,3.92,0.00,1.16,1.492537313
04/11/2013,45,132,117,1,4,3,7,1007,402,55,224,146,144,13.11,29.10,1.82,1.79,2.05,4.861111111
11/11/2013,46,175,155,6,5,5,4,975,425,76,197,142,135,17.95,36.47,7.89,2.54,3.52,2.962962963
18/11/2013,47,268,238,11,4,11,3,1121,527,92,192,174,134,23.91,45.16,11.96,2.08,6.32,2.23880597
25/11/2013,48,367,319,5,13,15,14,1233,627,74,198,171,159,29.76,50.88,6.76,6.57,8.77,8.805031447
02/12/2013,49,397,337,9,19,18,13,1254,621,71,221,193,146,31.66,54.27,12.68,8.60,9.33,8.904109589
09/12/2013,50,434,352,17,21,23,21,1349,647,81,238,208,173,32.17,54.40,20.99,8.82,11.06,12.13872832
16/12/2013,51,380,274,18,18,33,37,1348,600,86,230,224,206,28.19,45.67,20.93,7.83,14.73,17.96116505
23/12/2013,52,336,277,4,17,20,18,1059,538,50,156,140,170,31.73,51.49,8.00,10.90,14.29,10.58823529
30/12/2013,1,308,223,5,29,23,28,1346,518,76,250,265,237,22.88,43.05,6.58,11.6,8.68,11.81434599
06/01/2014,2,209,137,3,23,22,24,1204,400,60,275,253,213,17.36,34.25,5,8.36,8.7,11.26760563
13/01/2014,3,115,67,2,16,17,13,968,275,65,236,224,166,11.88,24.36,3.08,6.78,7.59,7.831325301
20/01/2014,4,110,60,2,11,16,21,1067,300,85,273,219,188,10.31,20.00,2.35,4.03,7.31,11.17021277
27/01/2014,5,69,42,2,8,6,9,1014,295,78,258,214,165,6.8,14.24,2.56,3.1,2.8,5.454545455
03/02/2014,6,44,25,1,5,9,4,1022,297,71,289,208,154,4.31,8.42,1.41,1.73,4.33,2.597402597
10/02/2014,7,47,28,1,5,8,5,1078,269,74,295,234,201,4.36,10.41,1.35,1.69,3.42,2.487562189
17/02/2014,8,40,25,,4,3,8,1162,332,58,308,230,231,3.44,7.53,0,1.3,1.3,3.463203463
24/02/2014,9,21,14,1,3,,3,1139,301,58,309,239,230,1.84,4.65,1.72,0.97,0,1.304347826
03/03/2014,10,21,11,,1,5,4,1048,232,70,287,253,203,2,4.74,0,0.35,1.98,1.97044335
10/03/2014,11,14,7,,3,2,2,1004,263,77,248,224,191,1.39,2.66,0,1.21,0.89,1.047120419
17/03/2014,12,22,13,1,,4,4,1093,288,78,270,252,205,2.01,4.51,1.28,0,1.59,1.951219512
24/03/2014,13,14,10,,1,2,1,1044,300,67,269,211,195,1.34,3.33,0,0.37,0.95,0.512820513
31/03/2014,14,11,7,,2,1,1,969,282,53,245,198,190,1.14,2.48,0,0.82,0.51,0.526315789
07/04/2014,15,10,7,,,3,,921,292,46,211,200,172,1.09,2.4,0,0,1.5,0
14/04/2014,16,10,8,,,2,,723,231,39,154,148,150,1.38,3.46,0,0,1.35,0
21/04/2014,17,6,2,,,3,1,736,231,45,160,171,128,0.82,0.87,0,0,1.75,0.78125
28/04/2014,18,2,2,,,,,746,210,48,194,156,137,0.27,0.95,0,0,0,0
05/05/2014,19,6,4,,1,,1,707,228,53,149,152,122,0.85,1.75,0,0.67,0,0.819672131
12/05/2014,20,2,2,,,,,761,233,48,178,158,141,0.26281208935611,0.858369098712446,0,0,0,0
19/05/2014,21,9,8,,,1,,710,246,51,156,132,124,1.26760563380282,3.2520325203252,0,0,0.757575757575758,0
26/05/2014,22,3,2,,,1,,629,221,45,131,129,103,0.476947535771065,0.904977375565611,0,0,0.775193798449612,0
02/06/2014,23,3,1,,,1,1,681,234,45,168,113,121,0.440528634361234,0.427350427350427,0,0,0.884955752212389,0.826446281
09/06/2014,24,1,1,,,,,614,198,46,150,123,97,0.162866449511401,0.505050505050505,0,0,0,0
16/06/2014,25,3,1,1,,,1,564,185,42,112,122,103,0.531914893617021,0.540540540540541,2.38095238095238,0,0,0.970873786
23/06/2014,26,2,2,,,,,585,190,52,130,124,89,0.341880341880342,1.05263157894737,0,0,0,0
30/06/2014,27,2,2,,,,,556,196,44,126,111,79,0.359712230215827,1.02040816326531,0,0,0,0
07/07/2014,28,5,2,,3,,,676,230,61,152,130,89,0.739644970414201,0.869565217391304,0,1.97368421052632,0,0
14/07/2014,29,5,4,1,,,,639,194,62,147,127,107,0.782472613458529,2.06185567010309,1.61290322580645,0,0,0
21/07/2014,30,2,2,,,,,542,174,57,122,92,89,0.3690036900369,1.14942528735632,0,0,0,0
28/07/2014,31,4,3,,1,,,483,159,29,106,103,86,0.82815734989648,1.88679245283019,0,0.943396226415094,0,0
04/08/2014,32,5,4,,,,1,452,136,27,113,98,78,1.10619469026549,2.94117647058824,0,0,0,1.282051282
11/08/2014,33,4,3,,,1,,497,144,34,116,106,97,0.804828973843058,2.08333333333333,0,0,0.943396226415094,0
18/08/2014,34,2,2,,,,,439,128,34,94,114,69,0.455580865603645,1.5625,0,0,0,0
25/08/2014,35,5,3,,,2,,402,128,29,82,103,60,1.24378109452736,2.34375,0,0,1.94174757281553,0
01/09/2014,36,4,3,,,1,,479,135,34,118,105,84,0.835073068893528,2.22222222222222,0,0,0.952380952380952,0
08/09/2014,37,6,6,,,,,600,193,36,145,113,92,1,3.10880829015544,0,0,0,0
15/09/2014,38,10,8,,1,,1,653,222,50,161,122,98,1.53139356814701,3.6036036036036,0,0.62111801242236,0,1.020408163
22/09/2014,39,3,2,,,1,,679,235,67,180,98,98,0.441826215022091,0.851063829787234,0,0,1.02040816326531,0
29/09/2014,40,12,8,1,3,,,703,235,49,160,147,62,1.70697012802276,3.40425531914894,2.04081632653061,1.875,0,0
06/10/2014,41,20,16,,1,2,,748,227,66,182,159,57,2.67379679144385,7.04845814977974,0,0.54945054945055,1.25786163522013,0
13/10/2014,42,28,22,1,1,2,,823,250,66,209,161,70,3.40218712029162,8.8,1.51515151515152,0.478468899521531,1.24223602484472,0
20/10/2014,43,48,46,1,,,1,866,294,53,226,166,67,5.54272517321016,15.6462585034014,1.88679245283019,0,0,1.492537313
27/10/2014,44,69,63,,1,3,1,823,314,61,174,158,66,8.38396111786148,20.0636942675159,0,0.574712643678161,1.89873417721519,1.515151515
03/11/2014,45,121,107,4,4,5,1,995,412,68,214,177,68,12.1608040201005,25.9708737864078,5.88235294117647,1.86915887850467,2.82485875706215,1.470588235
10/11/2014,46,154,135,4,3,6,4,1011,426,71,188,165,94,15.2324431256182,31.6901408450704,5.63380281690141,1.59574468085106,3.63636363636364,4.255319149
17/11/2014,47,205,177,7,12,7,2,1015,459,80,179,152,83,20.1970443349754,38.562091503268,8.75,6.70391061452514,4.60526315789474,2.409638554
24/11/2014,48,212,173,9,10,14,5,1123,520,90,199,176,71,18.8780053428317,33.2692307692308,10,5.0251256281407,7.95454545454545,7.042253521
01/12/2014,49,333,268,10,18,22,10,1270,544,81,257,224,96,26.2204724409449,49.2647058823529,12.3456790123457,7.00389105058366,9.82142857142857,10.41666667
08/12/2014,50,428,319,16,26,34,17,1669,653,126,309,323,129,25.6440982624326,48.8514548238897,12.6984126984127,8.41423948220065,10.5263157894737,13.17829457
15/12/2014,51,356,273,5,21,30,17,2093,655,133,426,387,229,17.0090778786431,41.6793893129771,3.7593984962406,4.92957746478873,7.75193798449612,7.423580786
22/12/2014,52,267,192,10,12,21,24,1772,512,96,326,363,259,15.0677200902935,37.5,10.4166666666667,3.68098159509202,5.78512396694215,9.266409266
29/12/2014,1,221,143,2,14,27,31,2186,497,73,418,442,612,10.1097895699909,28.7726358148893,2.73972602739726,3.34928229665072,6.10859728506787,5.065359477
05/01/2015,2,194,97,6,14,24,51,2538,426,88,534,572,913,7.64381402679275,22.7699530516432,6.81818181818182,2.62172284644195,4.1958041958042,5.585980285
12/01/2015,3,163,86,5,14,22,36,1995,363,87,389,434,704,8.17042606516291,23.6914600550964,5.74712643678161,3.59897172236504,5.06912442396313,5.113636364
19/01/2015,4,98,45,4,10,13,25,1729,345,102,358,346,552,5.66801619433198,13.0434782608696,3.92156862745098,2.79329608938547,3.75722543352601,4.528985507
26/01/2015,5,65,31,4,6,10,14,1790,375,107,425,395,485,3.63128491620112,8.26666666666667,3.73831775700935,1.41176470588235,2.53164556962025,2.886597938
02/02/2015,6,56,24,4,4,10,14,1526,349,109,363,330,370,3.6697247706422,6.87679083094556,3.6697247706422,1.10192837465565,3.03030303030303,3.783783784
09/02/2015,7,52,26,1,4,10,11,1514,312,80,365,346,403,3.43461030383091,8.33333333333333,1.25,1.0958904109589,2.89017341040462,2.729528536
16/02/2015,8,47,24,1,3,5,14,1693,381,84,372,385,468,2.77613703484938,6.2992125984252,1.19047619047619,0.806451612903226,1.2987012987013,2.991452991
23/02/2015,9,37,20,,2,8,6,1493,331,81,340,364,365,2.47823174815807,6.04229607250755,0,0.588235294117647,2.1978021978022,1.643835616
02/03/2015,10,22,15,1,3,3,,1476,349,76,321,334,385,1.49051490514905,4.29799426934097,1.31578947368421,0.934579439252336,0.898203592814371,0
09/03/2015,11,23,10,1,3,6,3,1489,359,85,327,351,358,1.54466084620551,2.78551532033426,1.17647058823529,0.917431192660551,1.70940170940171,0.837988827
16/03/2015,12,19,8,,3,4,4,1408,342,83,307,318,343,1.34943181818182,2.33918128654971,0,0.977198697068404,1.25786163522013,1.166180758
23/03/2015,13,10,8,,,1,1,1403,366,97,298,326,303,0.712758374910905,2.18579234972678,0,0,0.306748466257669,0.330033003
30/03/2015,14,15,6,,1,5,3,1131,294,59,267,274,234,1.3262599469496,2.04081632653061,0,0.374531835205993,1.82481751824817,1.282051282
06/04/2015,15,10,6,,,3,1,1174,280,54,265,281,293,0.851788756388416,2.14285714285714,0,0,1.06761565836299,0.341296928
13/04/2015,16,11,8,,,,3,1098,265,51,248,282,249,1.00182149362477,3.0188679245283,0,0,0,1.204819277
20/04/2015,17,10,6,,2,,2,1061,252,57,245,248,255,0.942507068803016,2.38095238095238,0,0.816326530612245,0,0.784313725
27/04/2015,18,14,6,1,1,4,1,1003,239,68,238,233,222,1.39581256231306,2.51046025104603,1.47058823529412,0.420168067226891,1.71673819742489,0.45045045
04/05/2015,19,8,6,,,2,,888,209,53,197,203,225,0.900900900900901,2.87081339712919,0,0,0.985221674876847,0
11/05/2015,20,10,6,,1,1,2,1063,283,69,240,216,253,0.940734,2.120141,0,0.416667,0.462963,0.790514
18/05/2015,21,10,4,,1,4,1,993,256,81,217,232,206,1.007049,1.5625,0,0.460829,1.724138,0.485437
25/05/2015,22,3,2,1,,,,850,246,57,191,173,178,0.352941,0.813008,1.754386,0,0,0
01/06/2015,23,9,6,,,,3,891,225,68,192,204,199,1.010101,2.666667,0,0,0,1.507538
08/06/2015,24,7,5,,,,2,904,223,59,227,210,173,0.774336,2.242152,0,0,0,1.156069
15/06/2015,25,5,2,,,1,2,807,212,65,175,196,156,0.619579,0.943396,0,0,0.510204,1.282051
22/06/2015,26,1,,,,,1,824,221,62,192,193,156,0.121359,0,0,0,0,0.641026
29/06/2015,27,3,3,,,,,663,196,63,166,132,102,0.452489,1.530612,0,0,0,0
06/07/2015,28,1,1,,,,,708,176,55,177,142,156,0.141243,0.568182,0,0,0,0
13/07/2015,29,3,2,,,1,,703,174,53,160,152,138,0.426743,1.149425,0,0,0.657895,0
20/07/2015,30,3,2,1,,,,749,204,55,185,159,145,0.400534,0.980392,1.818182,0,0,0
27/07/2015,31,5,5,,,,,642,163,39,147,165,125,0.778816,3.067485,0,0,0,0
03/08/2015,32,3,,1,1,1,,592,162,45,135,129,120,0.506757,0,2.222222,0.740741,0.775194,0
10/08/2015,33,7,4,,1,,2,620,163,41,138,148,127,1.129032,2.453988,0,0.724638,0,1.574803
17/08/2015,34,3,1,,1,1,,609,160,33,164,133,118,0.492611,0.625,0,0.609756,0.75188,0
24/08/2015,35,4,2,,,2,,638,153,46,150,159,128,0.626959,1.30719,0,0,1.257862,0
31/08/2015,36,10,6,2,2,,,596,139,34,148,150,124,1.677852,4.316547,5.882353,1.351351,0,0
07/09/2015,37,6,4,,,1,1,757,186,58,191,181,140,0.792602,2.150538,0,0,0.552486,0.714286
14/09/2015,38,3,2,,1,,,830,250,65,181,194,139,0.361446,0.8,0,0.552486,0,0
21/09/2015,39,6,5,,,1,,791,230,61,161,188,149,0.758534,2.173913,0,0,0.531915,0
28/09/2015,40,12,10,,,1,1,835,221,54,210,183,165,1.437126,4.524887,0,0,0.546448,0.606061
05/10/2015,41,13,9,,1,1,2,931,244,60,206,227,191,1.396348,3.688525,0,0.485437,0.440529,1.04712
12/10/2015,42,37,34,,1,1,1,1061,307,66,229,242,213,3.487276,11.07492,0,0.436681,0.413223,0.469484
19/10/2015,43,57,47,3,3,3,,1060,304,61,240,224,220,5.377358,15.46053,4.918033,1.25,1.339286,0
26/10/2015,44,110,102,3,2,1,2,1181,401,66,247,234,232,9.314141,25.43641,4.545455,0.809717,0.42735,0.862069
02/11/2015,45,138,121,2,3,5,7,1228,394,72,279,242,238,11.23779,30.71066,2.777778,1.075269,2.066116,2.941176
09/11/2015,46,214,184,4,7,9,10,1231,481,60,248,221,216,17.38424,38.25364,6.666667,2.822581,4.072398,4.62963
16/11/2015,47,327,287,8,10,11,11,1420,625,77,244,235,239,23.02817,45.92,10.38961,4.098361,4.680851,4.60251
23/11/2015,48,378,316,9,18,14,21,1620,674,101,336,233,275,23.33333,46.88427,8.910891,5.357143,6.008584,7.636364
30/11/2015,49,446,364,12,22,29,19,1650,733,93,322,269,231,27.0303,49.65894,12.90323,6.832298,10.78067,8.225108
07/12/2015,50,424,338,14,14,26,31,1687,663,107,305,316,293,25.13337,50.98039,13.08411,4.590164,8.227848,10.5802
14/12/2015,51,356,255,12,19,29,41,1739,586,121,375,329,327,20.47154,43.51536,9.917355,5.066667,8.81459,12.53823
21/12/2015,52,238,156,11,12,29,30,1429,465,80,299,291,293,16.655,33.54839,13.75,4.013378,9.965636,10.23891
28/12/2015,53,273,184,8,16,29,36,1686,495,79,340,356,413,16.19217,37.17172,10.12658,4.705882,8.146067,8.716707
04/01/2016,1,236,134,4,19,27,52,1972,489,85,462,441,492,11.97,27.4,4.71,4.11,6.12,10.56910569
11/01/2016,2,117,57,2,13,21,23,1655,363,97,399,373,414,7.07,15.7,2.06,3.26,5.63,5.555555556
18/01/2016,3,126,56,7,15,14,33,1865,392,127,442,425,445,6.76,14.29,5.51,3.39,3.29,7.415730337
25/01/2016,4,73,38,1,9,11,14,1985,454,141,498,453,437,3.68,8.37,0.71,1.81,2.43,3.203661327
01/02/2016,5,69,25,7,6,13,18,2341,455,177,620,548,530,2.95,5.49,3.95,0.97,2.37,3.396226415
08/02/2016,6,45,19,2,6,4,14,2148,453,113,566,512,499,2.09,4.19,1.77,1.06,0.78,2.805611222
15/02/2016,7,38,16,2,1,13,6,2240,469,145,591,520,513,1.7,3.41,1.38,0.17,2.5,1.169590643
22/02/2016,8,45,16,,3,10,16,2271,395,98,608,561,607,1.98,4.05,0,0.49,1.78,2.635914333
29/02/2016,9,34,12,1,5,8,8,2225,355,117,621,560,570,1.53,3.38,0.85,0.81,1.43,1.403508772
07/03/2016,10,24,11,1,4,2,6,2305,387,165,598,556,592,1.04,2.84,0.61,0.67,0.36,1.013513514
14/03/2016,11,24,10,,4,7,3,2453,416,168,680,592,593,0.98,2.4,0,0.59,1.18,0.505902192
21/03/2016,12,30,11,,,8,11,2385,425,173,645,512,627,1.26,2.59,0,0,1.56,1.754385965
28/03/2016,13,19,7,,4,4,4,2409,384,128,660,557,679,0.79,1.82,0,0.61,0.72,0.58910162
04/04/2016,14,17,8,,,6,3,1981,355,88,484,449,601,0.86,2.25,0,0,1.34,0.499168053
11/04/2016,15,15,6,1,3,2,3,1693,342,83,430,367,468,0.89,1.75,1.2,0.7,0.54,0.641025641
18/04/2016,16,5,2,,,2,1,1470,265,76,361,365,402,0.34,0.75,0,0,0.55,0.248756219
25/04/2016,17,14,4,1,3,2,4,1418,336,104,332,300,346,0.99,1.19,0.96,0.9,0.67,1.156069364
02/05/2016,18,9,3,,2,3,1,1277,332,78,332,260,273,0.7,0.9,0,0.6,1.15,0.366300366
09/05/2016,19,7,6,1,,,,1363,347,106,323,277,308,0.51,1.73,0.94,0,0,0
16/05/2016,20,4,3,,,1,,1209,338,87,265,245,271,0.33,0.89,0,0,0.41,0
23/05/2016,21,3,3,,,,,1191,328,86,267,241,269,0.25,0.91,0,0,0,0
30/05/2016,22,8,8,,,,,1019,317,59,204,191,248,0.79,2.52,0,0,0,0
06/06/2016,23,5,3,,1,1,,1061,320,64,238,193,244,0.47,0.94,0,0.42,0.52,0
13/06/2016,24,4,3,,,1,,1129,299,79,257,227,266,0.35,1,0,0,0.44,0
20/06/2016,25,3,2,,,,1,1120,303,89,243,232,252,0.27,0.66,0,0,0,0.396825397
27/06/2016,26,12,10,,,1,1,1098,303,100,235,203,255,1.09,3.3,0,0,0.49,0.392156863
04/07/2016,27,9,9,,,,,1228,350,93,282,239,264,0.73,2.57,0,0,0,0
11/07/2016,28,5,3,,2,,,1276,326,101,310,269,250,0.39,0.92,0,0.65,0,0
18/07/2016,29,12,9,,1,1,1,1168,336,90,262,231,248,1.03,2.68,0,0.38,0.43,0.403225806
25/07/2016,30,13,11,,,1,1,1019,291,57,256,213,192,1.28,3.78,0,0,0.47,0.520833333
01/08/2016,31,13,11,1,,,1,927,264,69,224,184,186,1.4,4.17,1.45,0,0,0.537634409
08/08/2016,32,3,3,,,,,917,210,59,235,213,190,0.33,1.43,0,0,0,0
15/08/2016,33,13,10,1,1,,1,831,219,39,224,158,190,1.56,4.57,2.56,0.45,0,0.526315789
22/08/2016,34,10,7,,,1,2,861,220,63,226,183,167,1.16,3.18,0,0,0.55,1.19760479
29/08/2016,35,15,13,,,,2,871,227,55,221,193,174,1.72,5.73,0,0,0,1.149425287
05/09/2016,36,18,17,,,1,,846,213,52,222,197,160,2.13,7.98,0,0,0.51,0
12/09/2016,37,8,6,,1,,1,848,228,62,204,193,160,0.94,2.63,0,0.49,0,0.625
19/09/2016,38,20,12,2,1,4,1,953,276,70,222,197,187,2.1,4.35,2.86,0.45,2.03,0.534759358
26/09/2016,39,33,20,2,3,4,4,967,264,71,226,198,207,3.41,7.58,2.82,1.33,2.02,1.93236715
03/10/2016,40,40,30,2,3,3,2,1132,305,85,287,234,219,3.53356890459364,9.83606557377049,2.35294117647059,1.04529616724739,1.28205128205128,0.913242009
10/10/2016,41,67,55,1,3,5,3,1125,286,70,253,256,258,5.95555555555556,19.2307692307692,1.42857142857143,1.18577075098814,1.953125,1.162790698
17/10/2016,42,97,78,5,6,4,4,1271,356,81,252,253,329,7.63178599527931,21.9101123595506,6.17283950617284,2.38095238095238,1.58102766798419,1.215805471
24/10/2016,43,156,130,5,9,7,5,1467,466,65,291,306,339,10.6339468302658,27.8969957081545,7.69230769230769,3.09278350515464,2.28758169934641,1.474926254
31/10/2016,44,194,153,6,5,13,17,1500,454,79,321,316,328,12.9333333333333,33.7004405286344,7.59493670886076,1.55763239875389,4.11392405063291,5.182926829
07/11/2016,45,252,188,6,14,25,19,1569,451,81,332,339,364,16.0611854684512,41.6851441241685,7.40740740740741,4.21686746987952,7.37463126843658,5.21978022
14/11/2016,46,397,288,14,22,26,47,1779,583,101,367,319,408,22.3159078133783,49.3996569468268,13.8613861386139,5.99455040871935,8.15047021943574,11.51960784
21/11/2016,47,451,319,13,29,42,48,1826,614,85,364,356,405,24.6987951807229,51.9543973941368,15.2941176470588,7.96703296703297,11.7977528089888,11.85185185
28/11/2016,48,453,312,17,28,38,57,1838,610,114,340,347,420,24.6463547334059,51.1475409836066,14.9122807017544,8.23529411764706,10.9510086455331,13.57142857
05/12/2016,49,432,274,12,24,54,68,1852,564,109,328,387,464,23.3261339092873,48.5815602836879,11.0091743119266,7.31707317073171,13.953488372093,14.65517241
12/12/2016,50,423,241,11,36,48,87,1983,536,101,386,375,584,21.3313161875946,44.9626865671642,10.8910891089109,9.32642487046632,12.8,14.89726027
19/12/2016,51,375,212,12,27,43,79,2095,490,96,408,424,674,17.8997613365155,43.265306122449,12.5,6.61764705882353,10.1415094339623,11.72106825
26/12/2016,52,306,159,9,27,42,69,2254,426,80,386,462,898,13.5758651286602,37.3239436619718,11.25,6.99481865284974,9.09090909090909,7.683741648
02/01/2017,1,288,131,2,20,37,98,2853,450,89,489,585,1238,10.0946372239748,29.1111111111111,2.24719101123596,4.08997955010225,6.32478632478632,7.915993538
09/01/2017,2,184,50,3,16,33,82,2919,308,94,550,566,1397,6.30352860568688,16.2337662337662,3.19148936170213,2.90909090909091,5.83038869257951,5.86972083
16/01/2017,3,164,43,4,8,24,85,2748,365,123,521,543,1195,5.96797671033479,11.7808219178082,3.2520325203252,1.53550863723608,4.41988950276243,7.112970711
23/01/2017,4,89,33,2,5,16,33,2551,354,139,488,508,1060,3.48882791062328,9.32203389830508,1.43884892086331,1.02459016393443,3.1496062992126,3.113207547
30/01/2017,5,80,21,1,10,11,37,2677,381,123,523,559,1089,2.98841987299216,5.51181102362205,0.813008130081301,1.91204588910134,1.96779964221825,3.397612489
06/02/2017,6,36,14,1,2,8,11,2320,361,112,442,493,906,1.55172413793103,3.8781163434903,0.892857142857143,0.452488687782805,1.62271805273834,1.214128035
13/02/2017,7,46,17,2,5,6,16,2127,366,108,437,427,789,2.16267042783263,4.6448087431694,1.85185185185185,1.1441647597254,1.40515222482436,2.027883397
20/02/2017,8,37,15,2,4,6,10,2016,350,92,399,419,755,1.83531746031746,4.28571428571429,2.17391304347826,1.00250626566416,1.43198090692124,1.324503311
27/02/2017,9,24,9,1,2,7,5,1658,328,88,311,381,549,1.4475271411339,2.74390243902439,1.13636363636364,0.643086816720257,1.83727034120735,0.910746812
06/03/2017,10,16,3,2,4,3,4,1482,282,95,324,345,435,1.07962213225371,1.06382978723404,2.10526315789474,1.23456790123457,0.869565217391304,0.91954023
13/03/2017,11,24,13,1,7,2,1,1415,310,91,316,283,414,1.69611307420495,4.19354838709677,1.0989010989011,2.21518987341772,0.706713780918728,0.241545894
20/03/2017,12,13,7,1,,3,2,1303,306,96,286,280,335,0.997697620874904,2.28758169934641,1.04166666666667,0,1.07142857142857,0.597014925
27/03/2017,13,11,4,,,5,2,972,240,68,189,195,279,1.13168724279835,1.66666666666667,0,0,2.56410256410256,0.716845878
03/04/2017,14,10,7,,2,,,1678,413,111,347,367,435,0.595947556615018,1.69491525423729,0,0.576368876080692,0,0
10/04/2017,15,8,5,1,1,,1,1209,266,78,284,242,337,0.661703887510339,1.8796992481203,1.28205128205128,0.352112676056338,0,0.296735905
17/04/2017,16,8,7,,,,1,1037,234,72,218,220,292,0.77145612343298,2.99145299145299,0,0,0,0.342465753
24/04/2017,17,5,3,,,1,1,1072,248,68,264,207,285,0.466417910447761,1.20967741935484,0,0,0.483091787439614,0.350877193
01/05/2017,18,6,3,,1,,2,1032,249,72,238,207,266,0.581395348837209,1.20481927710843,0,0.420168067226891,0,0.751879699
08/05/2017,19,7,3,,,2,2,1068,231,84,257,224,272,0.655430711610487,1.2987012987013,0,0,0.892857142857143,0.735294118
15/05/2017,20,9,4,,1,2,2,1141,254,77,261,276,273,0.788781770376862,1.5748031496063,0,0.383141762452107,0.72463768115942,0.732600733
22/05/2017,21,4,3,,,1,,1129,259,76,251,255,282,0.354295837023915,1.15830115830116,0,0,0.392156862745098,0
29/05/2017,22,3,3,,,,,877,227,52,189,151,225,0.342075256556442,1.3215859030837,0,0,0,0
05/06/2017,23,2,1,,,1,,942,247,61,214,194,226,0.212314225053079,0.404858299595142,0,0,0.515463917525773,0
12/06/2017,24,,,,,,,894,198,64,223,218,189,0,0,0,0,0,0
19/06/2017,25,8,5,,2,1,,935,238,73,200,183,239,0.855614973262032,2.10084033613445,0,1,0.546448087431694,0
26/06/2017,26,10,6,,2,1,1,927,253,73,205,183,213,1.07874865156419,2.37154150197628,0,0.975609756097561,0.546448087431694,0.469483568
03/07/2017,27,2,1,,,,1,953,238,78,213,204,220,0.209863588667366,0.420168067226891,0,0,0,0.454545455
10/07/2017,28,3,2,,,1,,969,226,86,230,187,240,0.309597523219814,0.884955752212389,0,0,0.53475935828877,0
17/07/2017,29,4,2,,,2,,924,209,71,235,190,217,0.432900432900433,0.956937799043062,0,0,1.05263157894737,0
24/07/2017,30,4,3,1,,,,858,202,66,173,183,233,0.466200466200466,1.48514851485149,1.51515151515152,0,0,0
31/07/2017,31,9,9,,,,,800,204,63,170,172,190,1.125,4.41176470588235,0,0,0,0
07/08/2017,32,4,4,,,,,806,163,44,185,217,193,0.496277915632754,2.45398773006135,0,0,0,0
14/08/2017,33,4,4,,,,,764,185,62,173,161,183,0.523560209424084,2.16216216216216,0,0,0,0
21/08/2017,34,9,7,,,1,1,770,160,42,188,165,211,1.16883116883117,4.375,0,0,0.606060606060606,0.473933649
28/08/2017,35,11,10,,,1,,670,155,48,169,143,155,1.64179104477612,6.45161290322581,0,0,0.699300699300699,0
04/09/2017,36,5,5,,,,,833,170,62,195,191,215,0.600240096038415,2.94117647058824,0,0,0,0
11/09/2017,37,9,7,,1,1,,1015,237,81,226,234,237,0.886699507389163,2.9535864978903,0,0.442477876106195,0.427350427350427,0
18/09/2017,38,15,13,1,,,1,1091,242,77,269,245,257,1.37488542621448,5.37190082644628,1.2987012987013,0,0,0.389105058
25/09/2017,39,25,22,2,,1,,1206,260,63,314,243,325,2.07296849087894,8.46153846153846,3.17460317460317,0,0.411522633744856,0
02/10/2017,40,58,50,2,1,1,4,1753,417,127,419,359,431,3.31,11.99,1.57,0.24,0.28,0.928074246
09/10/2017,41,68,55,2,1,1,9,1906,497,124,376,416,491,3.57,11.07,1.61,0.27,0.24,1.83299389
16/10/2017,42,106,85,1,1,9,10,1841,468,117,390,368,497,5.76,18.16,0.85,0.26,2.45,2.012072435
23/10/2017,43,134,109,5,2,10,8,1813,546,118,369,386,393,7.39,19.96,4.24,0.54,2.59,2.03562341
30/10/2017,44,158,128,3,11,8,8,1860,523,116,396,366,459,8.49,24.47,2.59,2.78,2.19,1.74291939
06/11/2017,45,241,187,8,9,18,18,2026,627,127,423,407,440,11.9,29.82,6.3,2.13,4.42,4.090909091
13/11/2017,46,383,290,14,22,21,36,2335,726,152,485,455,517,16.4,39.94,9.21,4.54,4.62,6.963249516
20/11/2017,47,437,331,8,32,29,37,2410,801,169,455,437,548,18.13,41.32,4.73,7.03,6.64,6.751824818
27/11/2017,48,491,338,9,42,35,67,2630,834,129,514,513,638,18.67,40.53,6.98,8.17,6.82,10.5015674
04/12/2017,49,481,313,12,35,52,69,2667,778,159,500,550,680,18.04,40.23,7.55,7,9.45,10.14705882
11/12/2017,50,412,245,20,33,38,76,2716,676,172,496,568,802,15.17,36.24,11.63,6.65,6.69,9.476309227
18/12/2017,51,426,230,14,39,47,96,3241,640,169,566,673,1191,13.14,35.94,8.28,6.89,6.98,8.060453401
25/12/2017,52,330,176,13,20,40,81,3566,644,141,589,791,1398,9.25,27.33,9.22,3.4,5.06,5.793991416
01/01/2018,1,330,146,10,19,46,109,5085,708,167,927,1091,2189,6.49,20.62,5.99,2.05,4.22,4.979442668
08/01/2018,2,229,86,6,17,40,80,5719,611,215,965,1236,2689,4,14.08,2.79,1.76,3.24,2.975083674
15/01/2018,3,184,52,8,9,24,91,5607,611,300,957,1221,2518,3.28,8.51,2.67,0.94,1.97,3.613979349
22/01/2018,4,113,39,10,4,18,42,5059,682,303,935,1007,2131,2.23,5.72,3.3,0.43,1.79,1.970905678
29/01/2018,5,86,30,5,4,14,33,4695,639,327,908,987,1826,1.83,4.69,1.53,0.44,1.42,1.807228916
05/02/2018,6,56,19,2,6,9,20,4205,662,250,806,868,1606,1.33,2.87,0.8,0.74,1.04,1.245330012
12/02/2018,7,57,20,3,9,10,15,4286,595,252,797,889,1751,1.33,3.36,1.19,1.13,1.12,0.856653341
19/02/2018,8,53,25,2,7,6,13,4081,561,204,789,829,1696,1.3,4.46,0.98,0.89,0.72,0.766509434
26/02/2018,9,43,17,3,1,5,17,4009,583,161,744,857,1661,1.07,2.92,1.86,0.13,0.58,1.023479831
05/03/2018,10,38,17,1,1,6,13,3934,552,201,696,814,1667,0.97,3.08,0.5,0.14,0.74,0.779844031
12/03/2018,11,47,19,3,3,4,18,3426,525,185,633,683,1398,1.37,3.62,1.62,0.47,0.59,1.287553648
19/03/2018,12,38,12,1,4,9,12,3003,463,172,593,583,1191,1.27,2.59,0.58,0.67,1.54,1.007556675
26/03/2018,13,43,15,,4,8,16,2915,533,175,531,622,1053,1.48,2.81,0,0.75,1.29,1.519468186
02/04/2018,14,43,25,1,2,3,12,2599,485,131,509,540,934,1.65,5.15,0.76,0.39,0.56,1.284796574
09/04/2018,15,32,13,4,2,6,7,2314,433,138,458,505,780,1.38,3,2.9,0.44,1.19,0.897435897
16/04/2018,16,27,14,,1,6,6,2080,412,115,390,451,711,1.3,3.4,0,0.26,1.33,0.843881857
23/04/2018,17,22,12,,1,5,4,1828,409,104,350,403,562,1.2,2.93,0,0.29,1.24,0.711743772
30/04/2018,18,15,5,2,,5,3,1819,426,132,376,390,477,0.82,1.17,1.52,0,1.28,0.628930818
07/05/2018,19,11,10,,1,,,1564,409,113,366,314,341,0.7,2.44,0,0.27,0,0
14/05/2018,20,15,11,,,3,1,1693,421,124,354,345,441,0.89,2.61,0,0,0.87,0.22675737
21/05/2018,21,13,6,1,2,,4,1608,405,98,344,363,398,0.81,1.48,1.02,0.58,0,1.005025126
28/05/2018,22,16,13,,1,,2,1527,414,92,301,330,389,1.05,3.14,0,0.33,0,0.514138817
04/06/2018,23,20,17,2,,,1,1590,446,127,322,317,376,1.26,3.81,1.57,0,0,0.265957447
11/06/2018,24,15,14,,,,1,1492,380,140,338,292,341,1.01,3.68,0,0,0,0.293255132
18/06/2018,25,5,4,1,,,,1375,363,97,288,295,331,0.36,1.1,1.03,0,0,0
25/06/2018,26,18,17,,,,1,1394,361,105,284,283,360,1.29,4.71,0,0,0,0.277777778
02/07/2018,27,11,10,,1,,,1385,386,107,295,274,323,0.79,2.59,0,0.34,0,0
09/07/2018,28,10,9,,1,,,1367,344,109,323,310,280,0.73,2.62,0,0.31,0,0
16/07/2018,29,8,8,,,,,1295,339,94,282,291,288,0.62,2.36,0,0,0,0
23/07/2018,30,10,10,,,,,1198,326,81,286,231,274,0.83,3.07,0,0,0,0
30-Jul-18,31,7,7,,,,,1121,323,92,256,223,227,0.62,2.17,0.00,0.00,0.00,0
06-Aug-18,32,14,12,,,,2,1093,290,89,236,242,236,1.28,4.14,0.00,0.00,0.00,0.847457627
13-Aug-18,33,9,7,,1,,1,1161,265,82,261,299,254,0.78,2.64,0.00,0.38,0.00,0.393700787
20-Aug-18,34,14,10,,1,2,1,1138,292,77,244,241,284,1.23,3.42,0.00,0.41,0.83,0.352112676
27-Aug-18,35,25,21,,1,,3,1123,258,73,280,256,255,2.23,8.14,0.00,0.36,0.00,1.176470588
03-Sep-18,36,17,14,,,1,2,1234,282,80,289,291,292,1.38,4.96,0.00,0.00,0.34,0.684931507
10-Sep-18,37,18,16,,2,,,1349,298,110,332,321,287,1.33,5.37,0.00,0.60,0.00,0
17-Sep-18,38,24,15,,1,4,4,1598,371,143,398,335,349,1.50,4.04,0.00,0.25,1.19,1.146131805
24-Sep-18,39,39,35,,,1,3,1566,420,88,377,324,357,2.49,8.33,0.00,0.00,0.31,0.840336134
01-Oct-18,40,51,40,,,5,6,1801,445,124,418,388,426,2.83,8.99,0.00,0.00,1.29,1.408450704
08-Oct-18,41,76,63,2,2,4,5,1739,417,108,406,344,463,4.37,15.11,1.85,0.49,1.16,1.079913607
15-Oct-18,42,121,99,1,5,7,9,1841,499,105,416,333,488,6.57,19.84,0.95,1.20,2.10,1.844262295
22-Oct-18,43,183,148,7,6,13,9,1935,543,127,396,398,468,9.46,27.26,5.51,1.52,3.27,1.923076923
29-Oct-18,44,282,209,9,11,20,33,2039,602,103,411,431,491,13.83,34.72,8.74,2.68,4.64,6.720977597
05-Nov-18,45,388,287,9,19,21,52,2310,677,120,434,471,607,16.80,42.39,7.50,4.38,4.46,8.566721582
12-Nov-18,46,433,317,16,30,29,40,2356,722,142,450,486,548,18.38,43.91,11.27,6.67,5.97,7.299270073
19-Nov-18,47,506,354,26,27,41,58,2503,764,152,489,481,616,20.22,46.34,17.11,5.52,8.52,9.415584416
26-Nov-18,48,571,373,21,35,44,98,2657,788,154,510,524,680,21.49,47.34,13.64,6.86,8.40,14.41176471
03-Dec-18,49,499,325,17,36,56,65,2567,727,160,510,518,651,19.44,44.70,10.63,7.06,10.81,9.984639017
10-Dec-18,50,399,195,16,24,48,115,2517,604,153,514,517,726,15.85,32.28,10.46,4.67,9.28,15.84022039
17-Dec-18,51,277,133,7,21,37,79,2452,545,124,519,511,752,11.30,24.40,5.65,4.05,7.24,10.50531915
24-Dec-18,52,242,110,4,11,29,88,2591,480,93,531,589,897,9.34,22.92,4.30,2.07,4.92,9.810479376
31-Dec-18,1,281,122,8,17,33,101,3509,562,119,667,841,1318,8.01,21.71,6.72,2.55,3.92,7.663125948
07-Jan-19,2,224,81,4,20,44,75,3929,565,183,799,969,1411,5.70,14.34,2.19,2.50,4.54,5.315379164
14-Jan-19,3,183,57,5,15,29,77,3611,556,162,745,830,1316,5.07,10.25,3.09,2.01,3.49,5.85106383
21-Jan-19,4,117,30,2,16,20,49,3471,549,219,734,832,1137,3.37,5.46,0.91,2.18,2.40,4.309586631
28-Jan-19,5,128,37,2,14,24,51,4172,700,208,853,951,1457,3.07,5.29,0.96,1.64,2.52,3.500343171
04-Feb-19,6,90,27,2,8,13,40,4226,674,252,895,957,1447,2.13,4.01,0.79,0.89,1.36,2.764340014
11-Feb-19,7,78,22,1,7,15,32,3989,605,196,823,937,1423,1.96,3.64,0.51,0.85,1.60,2.248770204
18-Feb-19,8,45,16,3,2,9,15,3467,607,180,700,788,1190,1.30,2.64,1.67,0.29,1.14,1.260504202
25-Feb-19,9,52,14,,6,10,22,3143,530,126,650,680,1155,1.65,2.64,0.00,0.92,1.47,1.904761905
04-Mar-19,10,33,13,1,1,5,13,2753,479,149,488,598,1038,1.20,2.71,0.67,0.20,0.84,1.252408478
11-Mar-19,11,33,6,2,4,11,10,2753,510,172,577,541,953,1.20,1.18,1.16,0.69,2.03,1.049317943
18-Mar-19,12,22,9,,2,8,3,2664,523,168,559,515,897,0.83,1.72,0.00,0.36,1.55,0.334448161
25-Mar-19,13,17,10,,,2,5,2393,511,151,476,462,792,0.71,1.96,0.00,0.00,0.43,0.631313131
01-Apr-19,14,14,8,1,,2,3,2565,506,163,531,539,825,0.55,1.58,0.61,0.00,0.37,0.363636364
08-Apr-19,15,16,5,,3,1,7,2428,528,146,472,499,781,0.66,0.95,0.00,0.64,0.20,0.896286812
15-Apr-19,16,19,5,,1,6,7,2418,483,136,509,503,787,0.79,1.04,0.00,0.20,1.19,0.889453621
22-Apr-19,17,7,3,,,1,3,2176,423,134,452,494,671,0.32,0.71,0.00,0.00,0.20,0.44709389
29-Apr-19,18,16,7,,2,2,5,2022,412,125,437,455,592,0.79,1.70,0.00,0.46,0.44,0.844594595
06-May-19,19,9,3,1,,1,3,1918,392,130,380,404,603,0.47,0.77,0.77,0.00,0.25,0.497512438
13-May-19,20,9,5,1,,1,2,1865,413,116,385,401,550,0.48,1.21,0.86,0.00,0.25,0.363636364
20-May-19,21,6,,1,2,2,1,1804,383,133,376,384,528,0.33,0.00,0.75,0.53,0.52,0.189393939
27-May-19,22,2,2,,,,,1606,304,113,372,368,447,0.12,0.66,0.00,0.00,0.00,0
03-Jun-19,23,2,2,,,,,1476,300,117,309,354,396,0.14,0.67,0.00,0.00,0.00,0
10-Jun-19,24,1,1,,,,,1442,320,110,321,315,375,0.07,0.31,0.00,0.00,0.00,0
17-Jun-19,25,8,6,1,,,1,1560,375,131,325,338,390,0.51,1.60,0.76,0.00,0.00,0.256410256
24-Jun-19,26,4,1,1,,1,1,1568,335,118,335,345,434,0.26,0.30,0.85,0.00,0.29,0.230414747
01-Jul-19,27,3,1,,,,2,1596,342,110,362,370,410,0.19,0.29,0.00,0.00,0.00,0.487804878
08-Jul-19,28,4,2,,,1,1,1584,359,144,310,378,390,0.25,0.56,0.00,0.00,0.26,0.256410256
15-Jul-19,29,4,1,,,,,1551,348,95,328,362,406,0.26,0.29,0.00,0.00,0.00,0
22-Jul-19,30,3,2,1,,,,1354,285,122,332,307,306,0.22,0.70,0.82,0.00,0.00,0
29-Jul-19,31,6,4,,,1,1,1323,285,111,304,298,324,0.45,1.40,0.00,0.00,0.34,0.308641975308642
05-Aug-19,32,6,4,,,,2,1265,252,104,294,315,299,0.47,1.59,0.00,0.00,0.00,0.668896321070234
12-Aug-19,33,8,4,,4,,,1238,261,76,280,294,326,0.65,1.53,0.00,1.43,0.00,0
19-Aug-19,34,3,2,,,1,,1389,250,99,309,347,383,0.22,0.80,0.00,0.00,0.29,0
26-Aug-19,35,11,8,1,,,2,1185,269,91,238,289,298,0.93,2.97,1.10,0.00,0.00,0.671140939597315
02-Sep-19,36,14,11,,2,1,,1347,307,104,273,306,357,1.04,3.58,0.00,0.73,0.33,0
09-Sep-19,37,17,7,,5,2,3,1547,353,103,325,329,437,1.10,1.98,0.00,1.54,0.61,0.68649885583524
16-Sep-19,38,15,9,1,1,3,1,1773,399,143,387,392,452,0.85,2.26,0.70,0.26,0.77,0.221238938053097
23-Sep-19,39,21,14,,2,2,2,1879,402,135,429,405,507,1.12,3.48,0.00,0.47,0.49,0.394477317554241
30-Sep-19,40,20,13,,1,2,4,1995,375,130,468,422,599,1.00,3.47,0.00,0.21,0.47,0.667779632721202
07-Oct-19,41,32,25,2,3,1,1,2263,381,139,525,477,740,1.41,6.56,1.44,0.57,0.21,0.135135135135135
14/10/2019,42,54,41,1,5,2,5,2304,435,133,547,503,686,2.34375,9.42528735632184,0.75187969924812,0.914076782449726,0.397614314115308,0.728862973760933
21/10/2019,43,95,75,1,4,8,7,2590,464,181,577,534,834,3.66795366795367,16.1637931034483,0.552486187845304,0.693240901213172,1.49812734082397,0.839328537170264
28/10/2019,44,129,94,4,8,10,13,2562,482,161,594,526,799,5.03512880562061,19.5020746887967,2.48447204968944,1.34680134680135,1.90114068441065,1.6270337922403
04/11/2019,45,191,116,3,13,25,34,2496,470,149,552,521,803,7.65224358974359,24.6808510638298,2.01342281879195,2.35507246376812,4.79846449136276,4.23412204234122
11/11/2019,46,226,154,13,10,15,34,2608,488,202,547,523,848,8.66564417177914,31.5573770491803,6.43564356435644,1.82815356489945,2.86806883365201,4.00943396226415
18/11/2019,47,278,182,5,24,22,45,2764,540,249,555,534,885,10.0578871201158,33.7037037037037,2.00803212851406,4.32432432432432,4.11985018726592,5.08474576271187
25/11/2019,48,407,266,11,27,43,60,3160,707,204,644,650,954,12.879746835443,37.6237623762376,5.3921568627451,4.19254658385093,6.61538461538462,6.28930817610063
02/12/2019,49,472,294,12,34,41,91,3514,787,265,777,660,1025,13.4319863403529,37.3570520965692,4.52830188679245,4.37580437580438,6.21212121212121,8.8780487804878
09/12/2019,50,555,341,13,26,47,128,4203,898,309,834,838,1324,13.2048536759458,37.9732739420935,4.20711974110032,3.11750599520384,5.60859188544153,9.66767371601208
16/12/2019,51,544,285,19,39,69,130,4295,789,270,863,846,1521,12.6658905704307,36.1216730038023,7.03703703703704,4.51911935110081,8.15602836879433,8.54700854700855
23/12/2019,52,390,185,16,19,51,119,3364,561,188,604,626,1384,11.5933412604043,32.9768270944742,8.51063829787234,3.14569536423841,8.14696485623003,8.59826589595376
30/12/2019,1,441,177,14,26,52,172,4072,590,168,727,807,1780,10.8300589390963,30,8.33333333333333,3.57634112792297,6.44361833952912,9.66292134831461
06/01/2020,2,309,101,7,31,47,122,3369,448,134,600,718,1461,9.17186108637578,22.5446428571429,5.22388059701492,5.16666666666667,6.54596100278552,8.35044490075291
13/01/2020,3,185,57,4,20,32,72,2744,424,136,549,566,1064,6.74198250728863,13.4433962264151,2.94117647058824,3.64298724954463,5.65371024734982,6.76691729323308
20/01/2020,4,158,60,6,17,27,48,2913,523,167,614,629,976,5.42396155166495,11.472275334608,3.59281437125748,2.76872964169381,4.29252782193959,4.91803278688525
27/01/2020,5,127,42,7,10,26,42,2961,517,174,620,651,997,4.28909152313408,8.12379110251451,4.02298850574713,1.61290322580645,3.99385560675883,4.21263791374122
03/02/2020,6,68,29,3,8,7,20,3055,534,201,707,691,918,2.22585924713584,5.43071161048689,1.49253731343284,1.13154172560113,1.01302460202605,2.17864923747277
10/02/2020,7,75,28,2,6,20,19,3719,544,183,1092,913,987,2.01667114815811,5.14705882352941,1.09289617486339,0.54945054945055,2.19058050383352,1.92502532928065
17/02/2020,8,63,26,,8,9,20,3090,458,161,803,756,910,2.03883495145631,5.67685589519651,0,0.99626400996264,1.19047619047619,2.1978021978022
24/02/2020,9,40,13,5,4,4,14,4672,467,616,1614,1075,896,0.856164383561644,2.78372591006424,0.811688311688312,0.247831474597274,0.372093023255814,1.5625
02/03/2020,10,36,15,,5,6,10,3946,516,269,1101,939,1110,0.912316269640142,2.90697674418605,0,0.454132606721163,0.638977635782748,0.900900900900901
09/03/2020,11,41,9,,6,6,20,5367,550,258,1190,1307,2047,0.763927706353643,1.63636363636364,0,0.504201680672269,0.459066564651875,0.977039570102589
16/03/2020,12,45,11,1,,7,26,4965,476,166,1022,1097,2196,0.906344410876133,2.3109243697479,0.602409638554217,0,0.638103919781222,1.183970856102
23/03/2020,13,8,1,,1,1,5,4247,369,119,701,1006,2047,0.188368259948199,0.2710027100271,0,0.14265335235378,0.099403578528827,0.244259892525647
30/03/2020,14,6,2,,1,1,2,3166,237,74,583,835,1433,0.189513581806696,0.843881856540084,0,0.171526586620926,0.119760479041916,0.139567341242149
06/04/2020,15,1,1,,,,,2261,175,63,461,616,942,0.044228217602831,0.571428571428571,0,0,0,0
13/04/2020,16,4,2,1,,,1,1910,136,75,408,525,765,0.209424083769634,1.47058823529412,1.33333333333333,0,0,0.130718954248366
20/04/2020,17,2,1,,,1,,1660,146,62,315,403,732,0.120481927710843,0.684931506849315,0,0,0.248138957816377,0
27/04/2020,18,,,,,,,1283,139,55,236,307,542,0,0,0,0,0,0
04/05/2020,19,2,1,,,1,,869,117,48,178,201,323,0.230149597238205,0.854700854700855,0,0,0.497512437810945,0
11/05/2020,20,,,,,,,865,123,42,169,212,318,0,0,0,0,0,0
18/05/2020,21,2,1,,,1,,921,123,37,192,223,346,0.217155266015201,0.813008130081301,0,0,0.448430493273543,0
25/05/2020,22,,,,,,,885,127,35,172,193,357,0,0,0,0,0,0
01/06/2020,23,1,,,1,,,940,113,43,188,252,341,0.106382978723404,0,0,0.531914893617021,0,0
08/06/2020,24,3,1,,1,1,,922,110,53,202,226,330,0.325379609544469,0.909090909090909,0,0.495049504950495,0.442477876106195,0
15/06/2020,25,1,1,,,,,785,109,43,188,177,268,0.127388535031847,0.917431192660551,0,0,0,0
22/06/2020,26,,,,,,,732,114,26,141,180,270,0,0,0,0,0,0
29/06/2020,27,,,,,,,720,132,37,154,163,234,0,0,0,0,0,0
06/07/2020,28,1,1,,,,,775,116,35,181,188,255,0.129032258064516,0.862068965517241,0,0,0,0
13/07/2020,29,,,,,,,908,116,38,233,256,265,0,0,0,0,0,0
20/07/2020,30,,,,,,,775,121,41,153,181,277,0,0,0,0,0,0
27/07/2020,31,,,,,,,722,137,38,139,168,239,0,0,0,0,0,0
03/08/2020,32,,,,,,,750,149,46,141,182,231,0,0,0,0,0,0
10/08/2020,33,,,,,,,889,132,52,183,213,308,0,0,0,0,0,0
17/08/2020,34,2,,,,,,871,146,55,162,212,291,0.229621125143513,0,0,0,0,0
24/08/2020,35,,,,,,,862,120,47,162,227,306,0,0,0,0,0,0
31/08/2020,36,,,,,,,839,139,41,171,206,281,0,0,0,0,0,0
07/09/2020,37,,,,,,,891,146,90,185,213,256,0,0,0,0,0,0
14/09/2020,38,,,,,,,1709,345,160,333,310,561,0,0,0,0,0,0
21/09/2020,39,,,,,,,1269,259,117,260,251,382,0,0,0,0,0,0
28/09/2020,40,,,,,,,1235,302,127,230,246,327,0,0,0,0,0,0
05/10/2020,41,1,1,,,,,1239,496,122,185,186,246,0.080710250201776,0.201612903225806,0,0,0,0
12/10/2020,42,1,,,,,,1064,303,89,202,209,244,0.093984962406015,0,0,0,0,0
19/10/2020,43,,,,,,,1182,348,94,201,244,283,0,0,0,0,0,0
26/10/2020,44,1,1,,,,,1182,383,86,204,227,278,0.084602368866328,0.261096605744125,0,0,0,0
02/11/2020,45,,,,,,,1144,274,91,225,268,276,0,0,0,0,0,0
09/11/2020,46,,,,,,,1255,350,97,225,274,292,0,0,0,0,0,0
16/11/2020,47,5,3,,,2,,1288,324,84,230,264,385,0.388198757763975,0.925925925925926,0,0,0.757575757575758,0
23/11/2020,48,2,1,1,,,,1460,328,99,262,338,430,0.136986301369863,0.304878048780488,1.01010101010101,0,0,0
30/11/2020,49,,,,,,,1566,323,122,297,349,471,0,0,0,0,0,0
07/12/2020,50,,,,,,,1651,348,111,300,400,490,0,0,0,0,0,0
14/12/2020,51,,,,,,,1681,288,97,395,390,489,0,0,0,0,0,0
21/12/2020,52,1,1,,,,,1227,178,70,268,307,391,0.081499592502038,0.561797752808989,0,0,0,0
28/12/2020,53,,,,,,,1398,182,58,327,360,450,0,0,0,0,0,0
04/01/2021,1,,,,,,,1609,220,72,326,432,543,0,0,0,0,0,0
11/01/2021,2,,,,,,,1639,188,54,364,436,578,0,0,0,0,0,0
18/01/2021,3,,,,,,,3327,249,92,775,864,1329,0,0,0,0,0,0
25/01/2021,4,1,,,,,1,3895,234,85,891,1001,1667,0.025673940949936,0,0,0,0,6.00E-02
01/02/2021,5,,,,,,,4546,274,109,1192,1088,1865,0,0,0,0,0,0
08/02/2021,6,1,,1,,,,4365,279,123,1089,1068,1786,0.02290950744559,0,0.813008130081301,0,0,0
15/02/2021,7,,,,,,,4945,283,106,1172,1188,2176,0,0,0,0,0,0
22/02/2021,8,,,,,,,4860,314,106,1156,1197,2069,0,0,0,0,0,0
01/03/2021,9,2,,,,2,,5346,288,117,1364,1382,2181,0.03741114852226,0,0,0,0.144717800289436,0
08/03/2021,10,1,,,1,,,5624,338,117,1403,1381,2372,0.01778093883357,0,0,0.071275837491091,0,0
15/03/2021,11,3,1,,,1,,4766,345,148,1122,1138,1994,0.062945866554763,0.289855072463768,0,0,0.087873462214411,0
22/03/2021,12,2,1,,1,,,3746,335,161,855,868,1525,0.0533902829685,0.298507462686567,0,0.116959064327485,0,0
29/03/2021,13,1,,,,,1,4223,361,128,985,890,1849,0.02367984844897,0,0,0,0,5.41E-02
05/04/2021,14,2,2,,,,,3878,350,97,967,857,1595,0.051572975760701,0.571428571428571,0,0,0,0
12/04/2021,15,3,3,,,,,4437,374,94,1097,994,1856,0.067613252197431,0.802139037433155,0,0,0,0
19/04/2021,16,2,2,,,,,4987,353,133,1113,1176,2190,0.040104271104873,0.56657223796034,0,0,0,0
26/04/2021,17,6,6,,,,,5046,404,152,1105,1240,2121,0.118906064209275,1.48514851485149,0,0,0,0
03/05/2021,18,2,2,,,,,2157,413,100,431,553,646,0.09272137227631,0.484261501210654,0,0,0,0
10/05/2021,19,7,6,,1,,,1821,621,136,344,327,380,0.384404173531027,0.966183574879227,0,0.290697674418605,0,0
17/05/2021,20,13,12,1,,,,2469,957,172,402,457,457,0.52652895909275,1.25391849529781,0.581395348837209,0,0,0
24/05/2021,21,24,21,1,1,1,,2456,1068,176,343,449,407,0.977198697068404,1.96629213483146,0.568181818181818,0.291545189504373,0.22271714922049,0
31/05/2021,22,45,38,1,2,1,3,2417,1118,158,385,374,368,1.86181216383947,3.39892665474061,0.632911392405063,0.519480519480519,0.267379679144385,0.815217391304348
07/06/2021,23,36,31,1,3,,1,2968,1198,192,549,554,464,1.21293800539084,2.58764607679466,0.520833333333333,0.546448087431694,0,0.21551724137931
14/06/2021,24,49,47,2,,,,2875,1174,168,525,555,429,1.70434782608696,4.00340715502555,1.19047619047619,0,0,0
