par_id,exp_dep,age_dep,seasforc_width_wks,R0,seasforce_peak,omega,const_delta
239,1.875,0.125,5,1,0.75,0.004,0.7954176346437618
464,1.875,0.125,7,1,0.75,0.004,0.7954176346437618
929,1.875,0.1875,5,1.1,0.75,0.004,1.3645935627427437
2265,2,0.125,5,1.3,0.75,0.004,1.195309726541694
2954,1.875,0.1875,5,1.4,0.75,0.004,1.7367554434907646
4064,1.875,0.125,3,1,1,0.004,0.7954176346437618
4289,1.875,0.125,5,1,1,0.004,0.7954176346437618
4318,1.75,0.25,5,1,1,0.004,1.60838832880652
4529,1.875,0.1875,7,1,1,0.004,1.2405396024934032
4543,1.75,0.25,7,1,1,0.004,1.60838832880652
4754,1.875,0.1875,3,1.1,1,0.004,1.3645935627427437
4979,1.875,0.1875,5,1.1,1,0.004,1.3645935627427437
4993,1.75,0.25,5,1.1,1,0.004,1.769227161687172
5008,1.75,0.3125,5,1.1,1,0.004,2.5498895501728533
5640,2,0.125,5,1.2,1,0.004,1.1033628245000253
5669,1.875,0.25,5,1.2,1,0.004,2.2374102334438137
6090,2,0.125,3,1.3,1,0.004,1.195309726541694
6329,1.875,0.1875,5,1.3,1,0.004,1.6127014832414244
6330,2,0.1875,5,1.3,1,0.004,1.8642144559500902
6344,1.875,0.25,5,1.3,1,0.004,2.4238610862307985
6359,1.875,0.3125,5,1.3,1,0.004,3.493377328073915
7005,2,0.1875,5,1.4,1,0.004,2.007615567946251
7019,1.875,0.25,5,1.4,1,0.004,2.610311939017783
7230,2,0.1875,7,1.4,1,0.004,2.007615567946251
7454,1.875,0.1875,3,1.5,1,0.004,1.860809403740105
7665,2,0.125,5,1.5,1,0.004,1.3792035306250316
7680,2,0.1875,5,1.5,1,0.004,2.1510166799424115
7695,2,0.25,5,1.5,1,0.004,3.2329390656145818
8114,1.875,0.125,3,1,1.25,0.004,0.7954176346437618
8143,1.75,0.25,3,1,1.25,0.004,1.60838832880652
8184,1.25,0.4375,3,1,1.25,0.004,2.2561977328170104
8354,1.875,0.1875,5,1,1.25,0.004,1.2405396024934032
8368,1.75,0.25,5,1,1.25,0.004,1.60838832880652
8382,1.625,0.3125,5,1,1.25,0.004,1.9931956593344637
8383,1.75,0.3125,5,1,1.25,0.004,2.3180814092480486
8579,1.875,0.1875,7,1,1.25,0.004,1.2405396024934032
8594,1.875,0.25,7,1,1.25,0.004,1.864508527869845
8804,1.875,0.1875,3,1.1,1.25,0.004,1.3645935627427437
8847,1.625,0.375,3,1.1,1.25,0.004,3.0243141539958573
8873,1.125,0.5,3,1.1,1.25,0.004,2.669483259488741
9029,1.875,0.1875,5,1.1,1.25,0.004,1.3645935627427437
9044,1.875,0.25,5,1.1,1.25,0.004,2.05095938065683
9058,1.75,0.3125,5,1.1,1.25,0.004,2.5498895501728533
9240,2,0.125,7,1.1,1.25,0.004,1.0114159224583565
9269,1.875,0.25,7,1.1,1.25,0.004,2.05095938065683
9284,1.875,0.3125,7,1.1,1.25,0.004,2.95593466221639
9494,1.875,0.25,3,1.2,1.25,0.004,2.2374102334438137
9508,1.75,0.3125,3,1.2,1.25,0.004,2.781697691097658
9690,2,0.125,5,1.2,1.25,0.004,1.1033628245000253
9719,1.875,0.25,5,1.2,1.25,0.004,2.2374102334438137
9734,1.875,0.3125,5,1.2,1.25,0.004,3.224655995145152
9915,2,0.125,7,1.2,1.25,0.004,1.1033628245000253
9930,2,0.1875,7,1.2,1.25,0.004,1.7208133439539293
9945,2,0.25,7,1.2,1.25,0.004,2.5863512524916654
10140,2,0.125,3,1.3,1.25,0.004,1.195309726541694
10169,1.875,0.25,3,1.3,1.25,0.004,2.4238610862307985
10198,1.75,0.375,3,1.3,1.25,0.004,4.156773114230462
10365,2,0.125,5,1.3,1.25,0.004,1.195309726541694
10380,2,0.1875,5,1.3,1.25,0.004,1.8642144559500902
10394,1.875,0.25,5,1.3,1.25,0.004,2.4238610862307985
10605,2,0.1875,7,1.3,1.25,0.004,1.8642144559500902
10620,2,0.25,7,1.3,1.25,0.004,2.8018805235326374
10830,2,0.1875,3,1.4,1.25,0.004,2.007615567946251
10858,1.75,0.3125,3,1.4,1.25,0.004,3.2453139729472675
10859,1.875,0.3125,3,1.4,1.25,0.004,3.762098661002677
11055,2,0.1875,5,1.4,1.25,0.004,2.007615567946251
11070,2,0.25,5,1.4,1.25,0.004,3.0174097945736094
11520,2,0.25,3,1.5,1.25,0.004,3.2329390656145818
11745,2,0.25,5,1.5,1.25,0.004,3.2329390656145818
12164,1.875,0.125,3,1,0.75,0.002857142857142857,0.7954176346437618
12205,1.375,0.3125,3,1,0.75,0.002857142857142857,1.4567174165064702
12219,1.25,0.375,3,1,0.75,0.002857142857142857,1.7061160706545966
12389,1.875,0.125,5,1,0.75,0.002857142857142857,0.7954176346437618
12390,2,0.125,5,1,0.75,0.002857142857142857,0.9194690204166878
12404,1.875,0.1875,5,1,0.75,0.002857142857142857,1.2405396024934032
12418,1.75,0.25,5,1,0.75,0.002857142857142857,1.60838832880652
12445,1.375,0.375,5,1,0.75,0.002857142857142857,2.0093685326971777
12472,1,0.5,5,1,0.75,0.002857142857142857,2.037409943150725
12485,0.75,0.5625,5,1,0.75,0.002857142857142857,1.7355623301524459
12498,0.5,0.625,5,1,0.75,0.002857142857142857,1.3952770390965175
12511,0.25,0.6875,5,1,0.75,0.002857142857142857,1.058938722427627
12615,2,0.125,7,1,0.75,0.002857142857142857,0.9194690204166878
12656,1.5,0.3125,7,1,0.75,0.002857142857142857,1.7075406174064303
12670,1.375,0.375,7,1,0.75,0.002857142857142857,2.0093685326971777
12697,1,0.5,7,1,0.75,0.002857142857142857,2.037409943150725
12710,0.75,0.5625,7,1,0.75,0.002857142857142857,1.7355623301524459
12840,2,0.125,3,1.1,0.75,0.002857142857142857,1.0114159224583565
13065,2,0.125,5,1.1,0.75,0.002857142857142857,1.0114159224583565
13079,1.875,0.1875,5,1.1,0.75,0.002857142857142857,1.3645935627427437
13106,1.5,0.3125,5,1.1,0.75,0.002857142857142857,1.8782946791470734
13120,1.375,0.375,5,1.1,0.75,0.002857142857142857,2.2103053859668957
13134,1.25,0.4375,5,1.1,0.75,0.002857142857142857,2.4818175060987113
13147,1,0.5,5,1.1,0.75,0.002857142857142857,2.2411509374657976
13290,2,0.125,7,1.1,0.75,0.002857142857142857,1.0114159224583565
13359,1.25,0.4375,7,1.1,0.75,0.002857142857142857,2.4818175060987113
13515,2,0.125,3,1.2,0.75,0.002857142857142857,1.1033628245000253
13556,1.5,0.3125,3,1.2,0.75,0.002857142857142857,2.049048740887716
13740,2,0.125,5,1.2,0.75,0.002857142857142857,1.1033628245000253
14007,1.625,0.3125,7,1.2,0.75,0.002857142857142857,2.3918347912013562
14021,1.5,0.375,7,1.2,0.75,0.002857142857142857,2.8264191910169636
14217,1.625,0.25,3,1.3,0.75,0.002857142857142857,1.7978585262472206
14415,2,0.125,5,1.3,0.75,0.002857142857142857,1.195309726541694
14457,1.625,0.3125,5,1.3,0.75,0.002857142857142857,2.591154357134803
14471,1.5,0.375,5,1.3,0.75,0.002857142857142857,3.0619541236017107
14668,1.75,0.25,7,1.3,0.75,0.002857142857142857,2.090904827448476
15118,1.75,0.25,5,1.4,0.75,0.002857142857142857,2.2517436603291276
16214,1.875,0.125,3,1,1,0.002857142857142857,0.7954176346437618
16229,1.875,0.1875,3,1,1,0.002857142857142857,1.2405396024934032
16241,1.5,0.25,3,1,1,0.002857142857142857,1.1847678813361706
16243,1.75,0.25,3,1,1,0.002857142857142857,1.60838832880652
16283,1.125,0.4375,3,1,1,0.002857142857142857,1.9055129717569395
16297,1,0.5,3,1,1,0.002857142857142857,2.037409943150725
16310,0.75,0.5625,3,1,1,0.002857142857142857,1.7355623301524459
16323,0.5,0.625,3,1,1,0.002857142857142857,1.3952770390965175
16336,0.25,0.6875,3,1,1,0.002857142857142857,1.058938722427627
16439,1.875,0.125,5,1,1,0.002857142857142857,0.7954176346437618
16440,2,0.125,5,1,1,0.002857142857142857,0.9194690204166878
16454,1.875,0.1875,5,1,1,0.002857142857142857,1.2405396024934032
16468,1.75,0.25,5,1,1,0.002857142857142857,1.60838832880652
16481,1.5,0.3125,5,1,1,0.002857142857142857,1.7075406174064303
16482,1.625,0.3125,5,1,1,0.002857142857142857,1.9931956593344637
16495,1.375,0.375,5,1,1,0.002857142857142857,2.0093685326971777
16496,1.5,0.375,5,1,1,0.002857142857142857,2.35534932584747
16509,1.25,0.4375,5,1,1,0.002857142857142857,2.2561977328170104
16510,1.375,0.4375,5,1,1,0.002857142857142857,2.6572240926877795
16522,1,0.5,5,1,1,0.002857142857142857,2.037409943150725
16523,1.125,0.5,5,1,1,0.002857142857142857,2.426802963171583
16536,0.875,0.5625,5,1,1,0.002857142857142857,2.0962987742493375
16549,0.625,0.625,5,1,1,0.002857142857142857,1.7135310389483245
16561,0.25,0.6875,5,1,1,0.002857142857142857,1.058938722427627
16562,0.375,0.6875,5,1,1,0.002857142857142857,1.3253232792057597
16665,2,0.125,7,1,1,0.002857142857142857,0.9194690204166878
16721,1.5,0.375,7,1,1,0.002857142857142857,2.35534932584747
16722,1.625,0.375,7,1,1,0.002857142857142857,2.7493765036325977
16734,1.25,0.4375,7,1,1,0.002857142857142857,2.2561977328170104
16748,1.125,0.5,7,1,1,0.002857142857142857,2.426802963171583
16761,0.875,0.5625,7,1,1,0.002857142857142857,2.0962987742493375
16774,0.625,0.625,7,1,1,0.002857142857142857,1.7135310389483245
16890,2,0.125,3,1.1,1,0.002857142857142857,1.0114159224583565
16904,1.875,0.1875,3,1.1,1,0.002857142857142857,1.3645935627427437
16931,1.5,0.3125,3,1.1,1,0.002857142857142857,1.8782946791470734
16945,1.375,0.375,3,1.1,1,0.002857142857142857,2.2103053859668957
16959,1.25,0.4375,3,1.1,1,0.002857142857142857,2.4818175060987113
16972,1,0.5,3,1.1,1,0.002857142857142857,2.2411509374657976
16986,0.875,0.5625,3,1.1,1,0.002857142857142857,2.305928651674271
16999,0.625,0.625,3,1.1,1,0.002857142857142857,1.884884142843157
17011,0.25,0.6875,3,1.1,1,0.002857142857142857,1.16483259467039
17012,0.375,0.6875,3,1.1,1,0.002857142857142857,1.4578556071263358
17115,2,0.125,5,1.1,1,0.002857142857142857,1.0114159224583565
17129,1.875,0.1875,5,1.1,1,0.002857142857142857,1.3645935627427437
17157,1.625,0.3125,5,1.1,1,0.002857142857142857,2.1925152252679103
17158,1.75,0.3125,5,1.1,1,0.002857142857142857,2.5498895501728533
17171,1.5,0.375,5,1.1,1,0.002857142857142857,2.590884258432217
17172,1.625,0.375,5,1.1,1,0.002857142857142857,3.0243141539958573
17185,1.375,0.4375,5,1.1,1,0.002857142857142857,2.9229465019565577
17186,1.5,0.4375,5,1.1,1,0.002857142857142857,3.4262306594552165
17198,1.125,0.5,5,1.1,1,0.002857142857142857,2.669483259488741
17211,0.875,0.5625,5,1.1,1,0.002857142857142857,2.305928651674271
17224,0.625,0.625,5,1.1,1,0.002857142857142857,1.884884142843157
17237,0.375,0.6875,5,1.1,1,0.002857142857142857,1.4578556071263358
17382,1.625,0.3125,7,1.1,1,0.002857142857142857,2.1925152252679103
17396,1.5,0.375,7,1.1,1,0.002857142857142857,2.590884258432217
17397,1.625,0.375,7,1.1,1,0.002857142857142857,3.0243141539958573
17410,1.375,0.4375,7,1.1,1,0.002857142857142857,2.9229465019565577
17423,1.125,0.5,7,1.1,1,0.002857142857142857,2.669483259488741
17436,0.875,0.5625,7,1.1,1,0.002857142857142857,2.305928651674271
17462,0.375,0.6875,7,1.1,1,0.002857142857142857,1.4578556071263358
17565,2,0.125,3,1.2,1,0.002857142857142857,1.1033628245000253
17579,1.875,0.1875,3,1.2,1,0.002857142857142857,1.488647522992084
17634,1.25,0.4375,3,1.2,1,0.002857142857142857,2.7074372793804122
17648,1.125,0.5,3,1.2,1,0.002857142857142857,2.912163555805899
17661,0.875,0.5625,3,1.2,1,0.002857142857142857,2.515558529099205
17790,2,0.125,5,1.2,1,0.002857142857142857,1.1033628245000253
17803,1.75,0.1875,5,1.2,1,0.002857142857142857,1.2841578710410393
17819,1.875,0.25,5,1.2,1,0.002857142857142857,2.2374102334438137
17832,1.625,0.3125,5,1.2,1,0.002857142857142857,2.3918347912013562
17833,1.75,0.3125,5,1.2,1,0.002857142857142857,2.781697691097658
17846,1.5,0.375,5,1.2,1,0.002857142857142857,2.8264191910169636
17847,1.625,0.375,5,1.2,1,0.002857142857142857,3.299251804359117
17860,1.375,0.4375,5,1.2,1,0.002857142857142857,3.1886689112253355
17873,1.125,0.5,5,1.2,1,0.002857142857142857,2.912163555805899
17887,1,0.5625,5,1.2,1,0.002857142857142857,3.0162755439222173
17900,0.75,0.625,5,1.2,1,0.002857142857142857,2.5035468676686436
17912,0.375,0.6875,5,1.2,1,0.002857142857142857,1.5903879350469114
18058,1.75,0.3125,7,1.2,1,0.002857142857142857,2.781697691097658
18073,1.75,0.375,7,1.2,1,0.002857142857142857,3.8370213362127337
18085,1.375,0.4375,7,1.2,1,0.002857142857142857,3.1886689112253355
18240,2,0.125,3,1.3,1,0.002857142857142857,1.195309726541694
18282,1.625,0.3125,3,1.3,1,0.002857142857142857,2.591154357134803
18296,1.5,0.375,3,1.3,1,0.002857142857142857,3.0619541236017107
18323,1.125,0.5,3,1.3,1,0.002857142857142857,3.154843852123058
18480,2,0.1875,5,1.3,1,0.002857142857142857,1.8642144559500902
18493,1.75,0.25,5,1.3,1,0.002857142857142857,2.090904827448476
18508,1.75,0.3125,5,1.3,1,0.002857142857142857,3.0135058320224632
18522,1.625,0.375,5,1.3,1,0.002857142857142857,3.5741894547223767
18523,1.75,0.375,5,1.3,1,0.002857142857142857,4.156773114230462
18535,1.375,0.4375,5,1.3,1,0.002857142857142857,3.4543913204941132
18549,1.25,0.5,5,1.3,1,0.002857142857142857,3.735451635361348
18562,1,0.5625,5,1.3,1,0.002857142857142857,3.267631839249069
18575,0.75,0.625,5,1.3,1,0.002857142857142857,2.7121757733076977
18588,0.5,0.6875,5,1.3,1,0.002857142857142857,2.1354980102665206
18704,1.875,0.1875,7,1.3,1,0.002857142857142857,1.6127014832414244
18733,1.75,0.3125,7,1.3,1,0.002857142857142857,3.0135058320224632
18734,1.875,0.3125,7,1.3,1,0.002857142857142857,3.493377328073915
18747,1.625,0.375,7,1.3,1,0.002857142857142857,3.5741894547223767
18928,1.75,0.1875,3,1.4,1,0.002857142857142857,1.4981841828812124
18930,2,0.1875,3,1.4,1,0.002857142857142857,2.007615567946251
18957,1.625,0.3125,3,1.4,1,0.002857142857142857,2.790473923068249
18985,1.375,0.4375,3,1.4,1,0.002857142857142857,3.720113729762891
19139,1.875,0.125,5,1.4,1,0.002857142857142857,1.1135846885012666
19183,1.75,0.3125,5,1.4,1,0.002857142857142857,3.2453139729472675
19184,1.875,0.3125,5,1.4,1,0.002857142857142857,3.762098661002677
19197,1.625,0.375,5,1.4,1,0.002857142857142857,3.8491271050856364
19198,1.75,0.375,5,1.4,1,0.002857142857142857,4.4765248922481895
19224,1.25,0.5,5,1.4,1,0.002857142857142857,4.022794068850682
19237,1,0.5625,5,1.4,1,0.002857142857142857,3.51898813457592
19394,1.875,0.25,7,1.4,1,0.002857142857142857,2.610311939017783
19408,1.75,0.3125,7,1.4,1,0.002857142857142857,3.2453139729472675
19409,1.875,0.3125,7,1.4,1,0.002857142857142857,3.762098661002677
19422,1.625,0.375,7,1.4,1,0.002857142857142857,3.8491271050856364
19618,1.75,0.25,3,1.5,1,0.002857142857142857,2.4125824932097797
19633,1.75,0.3125,3,1.5,1,0.002857142857142857,3.4771221138720727
19844,1.875,0.25,5,1.5,1,0.002857142857142857,2.7967627918047673
19858,1.75,0.3125,5,1.5,1,0.002857142857142857,3.4771221138720727
19859,1.875,0.3125,5,1.5,1,0.002857142857142857,4.03081999393144
19872,1.625,0.375,5,1.5,1,0.002857142857142857,4.124064755448896
19886,1.5,0.4375,5,1.5,1,0.002857142857142857,4.672132717438931
20070,2,0.25,7,1.5,1,0.002857142857142857,3.2329390656145818
20084,1.875,0.3125,7,1.5,1,0.002857142857142857,4.03081999393144
20262,1.625,0.125,3,1,1.25,0.002857142857142857,0.5899877614667554
20264,1.875,0.125,3,1,1.25,0.002857142857142857,0.7954176346437618
20293,1.75,0.25,3,1,1.25,0.002857142857142857,1.60838832880652
20307,1.625,0.3125,3,1,1.25,0.002857142857142857,1.9931956593344637
20321,1.5,0.375,3,1,1.25,0.002857142857142857,2.35534932584747
20334,1.25,0.4375,3,1,1.25,0.002857142857142857,2.2561977328170104
20335,1.375,0.4375,3,1,1.25,0.002857142857142857,2.6572240926877795
20347,1,0.5,3,1,1.25,0.002857142857142857,2.037409943150725
20348,1.125,0.5,3,1,1.25,0.002857142857142857,2.426802963171583
20349,1.25,0.5,3,1,1.25,0.002857142857142857,2.873424334893344
20360,0.75,0.5625,3,1,1.25,0.002857142857142857,1.7355623301524459
20361,0.875,0.5625,3,1,1.25,0.002857142857142857,2.0962987742493375
20362,1,0.5625,3,1,1.25,0.002857142857142857,2.5135629532685146
20373,0.5,0.625,3,1,1.25,0.002857142857142857,1.3952770390965175
20374,0.625,0.625,3,1,1.25,0.002857142857142857,1.7135310389483245
20375,0.75,0.625,3,1,1.25,0.002857142857142857,2.0862890563905365
20386,0.25,0.6875,3,1,1.25,0.002857142857142857,1.058938722427627
20387,0.375,0.6875,3,1,1.25,0.002857142857142857,1.3253232792057597
20388,0.5,0.6875,3,1,1.25,0.002857142857142857,1.6426907771280927
20401,0.25,0.75,3,1,1.25,0.002857142857142857,1.2262574661069738
20488,1.75,0.125,5,1,1.25,0.002857142857142857,0.686154244383924
20504,1.875,0.1875,5,1,1.25,0.002857142857142857,1.2405396024934032
20518,1.75,0.25,5,1,1.25,0.002857142857142857,1.60838832880652
20532,1.625,0.3125,5,1,1.25,0.002857142857142857,1.9931956593344637
20533,1.75,0.3125,5,1,1.25,0.002857142857142857,2.3180814092480486
20546,1.5,0.375,5,1,1.25,0.002857142857142857,2.35534932584747
20547,1.625,0.375,5,1,1.25,0.002857142857142857,2.7493765036325977
20560,1.375,0.4375,5,1,1.25,0.002857142857142857,2.6572240926877795
20561,1.5,0.4375,5,1,1.25,0.002857142857142857,3.1147551449592874
20573,1.125,0.5,5,1,1.25,0.002857142857142857,2.426802963171583
20574,1.25,0.5,5,1,1.25,0.002857142857142857,2.873424334893344
20586,0.875,0.5625,5,1,1.25,0.002857142857142857,2.0962987742493375
20587,1,0.5625,5,1,1.25,0.002857142857142857,2.5135629532685146
20599,0.625,0.625,5,1,1.25,0.002857142857142857,1.7135310389483245
20600,0.75,0.625,5,1,1.25,0.002857142857142857,2.0862890563905365
20612,0.375,0.6875,5,1,1.25,0.002857142857142857,1.3253232792057597
20613,0.5,0.6875,5,1,1.25,0.002857142857142857,1.6426907771280927
20743,1.75,0.25,7,1,1.25,0.002857142857142857,1.60838832880652
20757,1.625,0.3125,7,1,1.25,0.002857142857142857,1.9931956593344637
20758,1.75,0.3125,7,1,1.25,0.002857142857142857,2.3180814092480486
20771,1.5,0.375,7,1,1.25,0.002857142857142857,2.35534932584747
20772,1.625,0.375,7,1,1.25,0.002857142857142857,2.7493765036325977
20785,1.375,0.4375,7,1,1.25,0.002857142857142857,2.6572240926877795
20798,1.125,0.5,7,1,1.25,0.002857142857142857,2.426802963171583
20837,0.375,0.6875,7,1,1.25,0.002857142857142857,1.3253232792057597
20940,2,0.125,3,1.1,1.25,0.002857142857142857,1.0114159224583565
20952,1.625,0.1875,3,1.1,1.25,0.002857142857142857,1.0121645112320217
20954,1.875,0.1875,3,1.1,1.25,0.002857142857142857,1.3645935627427437
20967,1.625,0.25,3,1.1,1.25,0.002857142857142857,1.5212649068245714
20981,1.5,0.3125,3,1.1,1.25,0.002857142857142857,1.8782946791470734
20996,1.5,0.375,3,1.1,1.25,0.002857142857142857,2.590884258432217
20997,1.625,0.375,3,1.1,1.25,0.002857142857142857,3.0243141539958573
21009,1.25,0.4375,3,1.1,1.25,0.002857142857142857,2.4818175060987113
21010,1.375,0.4375,3,1.1,1.25,0.002857142857142857,2.9229465019565577
21023,1.125,0.5,3,1.1,1.25,0.002857142857142857,2.669483259488741
21024,1.25,0.5,3,1.1,1.25,0.002857142857142857,3.160766768382679
21036,0.875,0.5625,3,1.1,1.25,0.002857142857142857,2.305928651674271
21037,1,0.5625,3,1.1,1.25,0.002857142857142857,2.764919248595366
21049,0.625,0.625,3,1.1,1.25,0.002857142857142857,1.884884142843157
21050,0.75,0.625,3,1.1,1.25,0.002857142857142857,2.2949179620295905
21062,0.375,0.6875,3,1.1,1.25,0.002857142857142857,1.4578556071263358
21063,0.5,0.6875,3,1.1,1.25,0.002857142857142857,1.8069598548409023
21076,0.25,0.75,3,1.1,1.25,0.002857142857142857,1.3488832127176713
21193,1.75,0.25,5,1.1,1.25,0.002857142857142857,1.769227161687172
21194,1.875,0.25,5,1.1,1.25,0.002857142857142857,2.05095938065683
21207,1.625,0.3125,5,1.1,1.25,0.002857142857142857,2.1925152252679103
21208,1.75,0.3125,5,1.1,1.25,0.002857142857142857,2.5498895501728533
21221,1.5,0.375,5,1.1,1.25,0.002857142857142857,2.590884258432217
21222,1.625,0.375,5,1.1,1.25,0.002857142857142857,3.0243141539958573
21235,1.375,0.4375,5,1.1,1.25,0.002857142857142857,2.9229465019565577
21236,1.5,0.4375,5,1.1,1.25,0.002857142857142857,3.4262306594552165
21248,1.125,0.5,5,1.1,1.25,0.002857142857142857,2.669483259488741
21249,1.25,0.5,5,1.1,1.25,0.002857142857142857,3.160766768382679
21262,1,0.5625,5,1.1,1.25,0.002857142857142857,2.764919248595366
21275,0.75,0.625,5,1.1,1.25,0.002857142857142857,2.2949179620295905
21287,0.375,0.6875,5,1.1,1.25,0.002857142857142857,1.4578556071263358
21288,0.5,0.6875,5,1.1,1.25,0.002857142857142857,1.8069598548409023
21301,0.25,0.75,5,1.1,1.25,0.002857142857142857,1.3488832127176713
21389,1.875,0.125,7,1.1,1.25,0.002857142857142857,0.874959398108138
21419,1.875,0.25,7,1.1,1.25,0.002857142857142857,2.05095938065683
21433,1.75,0.3125,7,1.1,1.25,0.002857142857142857,2.5498895501728533
21447,1.625,0.375,7,1.1,1.25,0.002857142857142857,3.0243141539958573
21448,1.75,0.375,7,1.1,1.25,0.002857142857142857,3.5172695581950064
21460,1.375,0.4375,7,1.1,1.25,0.002857142857142857,2.9229465019565577
21487,1,0.5625,7,1.1,1.25,0.002857142857142857,2.764919248595366
21500,0.75,0.625,7,1.1,1.25,0.002857142857142857,2.2949179620295905
21513,0.5,0.6875,7,1.1,1.25,0.002857142857142857,1.8069598548409023
21615,2,0.125,3,1.2,1.25,0.002857142857142857,1.1033628245000253
21642,1.625,0.25,3,1.2,1.25,0.002857142857142857,1.6595617165358958
21644,1.875,0.25,3,1.2,1.25,0.002857142857142857,2.2374102334438137
21657,1.625,0.3125,3,1.2,1.25,0.002857142857142857,2.3918347912013562
21658,1.75,0.3125,3,1.2,1.25,0.002857142857142857,2.781697691097658
21671,1.5,0.375,3,1.2,1.25,0.002857142857142857,2.8264191910169636
21672,1.625,0.375,3,1.2,1.25,0.002857142857142857,3.299251804359117
21685,1.375,0.4375,3,1.2,1.25,0.002857142857142857,3.1886689112253355
21686,1.5,0.4375,3,1.2,1.25,0.002857142857142857,3.737706173951145
21698,1.125,0.5,3,1.2,1.25,0.002857142857142857,2.912163555805899
21699,1.25,0.5,3,1.2,1.25,0.002857142857142857,3.448109201872013
21700,1.375,0.5,3,1.2,1.25,0.002857142857142857,4.060991070136799
21711,0.875,0.5625,3,1.2,1.25,0.002857142857142857,2.515558529099205
21712,1,0.5625,3,1.2,1.25,0.002857142857142857,3.0162755439222173
21725,0.75,0.625,3,1.2,1.25,0.002857142857142857,2.5035468676686436
21737,0.375,0.6875,3,1.2,1.25,0.002857142857142857,1.5903879350469114
21738,0.5,0.6875,3,1.2,1.25,0.002857142857142857,1.9712289325537111
21751,0.25,0.75,3,1.2,1.25,0.002857142857142857,1.4715089593283686
21839,1.875,0.125,5,1.2,1.25,0.002857142857142857,0.9545011615725142
21854,1.875,0.1875,5,1.2,1.25,0.002857142857142857,1.488647522992084
21869,1.875,0.25,5,1.2,1.25,0.002857142857142857,2.2374102334438137
21883,1.75,0.3125,5,1.2,1.25,0.002857142857142857,2.781697691097658
21897,1.625,0.375,5,1.2,1.25,0.002857142857142857,3.299251804359117
21898,1.75,0.375,5,1.2,1.25,0.002857142857142857,3.8370213362127337
21910,1.375,0.4375,5,1.2,1.25,0.002857142857142857,3.1886689112253355
21911,1.5,0.4375,5,1.2,1.25,0.002857142857142857,3.737706173951145
21912,1.625,0.4375,5,1.2,1.25,0.002857142857142857,4.362988291958039
21924,1.25,0.5,5,1.2,1.25,0.002857142857142857,3.448109201872013
21937,1,0.5625,5,1.2,1.25,0.002857142857142857,3.0162755439222173
21950,0.75,0.625,5,1.2,1.25,0.002857142857142857,2.5035468676686436
21963,0.5,0.6875,5,1.2,1.25,0.002857142857142857,1.9712289325537111
21976,0.25,0.75,5,1.2,1.25,0.002857142857142857,1.4715089593283686
22094,1.875,0.25,7,1.2,1.25,0.002857142857142857,2.2374102334438137
22108,1.75,0.3125,7,1.2,1.25,0.002857142857142857,2.781697691097658
22109,1.875,0.3125,7,1.2,1.25,0.002857142857142857,3.224655995145152
22122,1.625,0.375,7,1.2,1.25,0.002857142857142857,3.299251804359117
22149,1.25,0.5,7,1.2,1.25,0.002857142857142857,3.448109201872013
22290,2,0.125,3,1.3,1.25,0.002857142857142857,1.195309726541694
22303,1.75,0.1875,3,1.3,1.25,0.002857142857142857,1.391171026961126
22319,1.875,0.25,3,1.3,1.25,0.002857142857142857,2.4238610862307985
22332,1.625,0.3125,3,1.3,1.25,0.002857142857142857,2.591154357134803
22333,1.75,0.3125,3,1.3,1.25,0.002857142857142857,3.0135058320224632
22346,1.5,0.375,3,1.3,1.25,0.002857142857142857,3.0619541236017107
22347,1.625,0.375,3,1.3,1.25,0.002857142857142857,3.5741894547223767
22360,1.375,0.4375,3,1.3,1.25,0.002857142857142857,3.4543913204941132
22361,1.5,0.4375,3,1.3,1.25,0.002857142857142857,4.0491816884470735
22374,1.25,0.5,3,1.3,1.25,0.002857142857142857,3.735451635361348
22387,1,0.5625,3,1.3,1.25,0.002857142857142857,3.267631839249069
22400,0.75,0.625,3,1.3,1.25,0.002857142857142857,2.7121757733076977
22413,0.5,0.6875,3,1.3,1.25,0.002857142857142857,2.1354980102665206
22426,0.25,0.75,3,1.3,1.25,0.002857142857142857,1.594134705939066
22529,1.875,0.1875,5,1.3,1.25,0.002857142857142857,1.6127014832414244
22530,2,0.1875,5,1.3,1.25,0.002857142857142857,1.8642144559500902
22544,1.875,0.25,5,1.3,1.25,0.002857142857142857,2.4238610862307985
22558,1.75,0.3125,5,1.3,1.25,0.002857142857142857,3.0135058320224632
22559,1.875,0.3125,5,1.3,1.25,0.002857142857142857,3.493377328073915
22572,1.625,0.375,5,1.3,1.25,0.002857142857142857,3.5741894547223767
22573,1.75,0.375,5,1.3,1.25,0.002857142857142857,4.156773114230462
22586,1.5,0.4375,5,1.3,1.25,0.002857142857142857,4.0491816884470735
22599,1.25,0.5,5,1.3,1.25,0.002857142857142857,3.735451635361348
22613,1.125,0.5625,5,1.3,1.25,0.002857142857142857,3.892146819397753
22626,0.875,0.625,5,1.3,1.25,0.002857142857142857,3.2759012167740806
22639,0.625,0.6875,5,1.3,1.25,0.002857142857142857,2.6225918019646706
22651,0.25,0.75,5,1.3,1.25,0.002857142857142857,1.594134705939066
22755,2,0.1875,7,1.3,1.25,0.002857142857142857,1.8642144559500902
22769,1.875,0.25,7,1.3,1.25,0.002857142857142857,2.4238610862307985
22770,2,0.25,7,1.3,1.25,0.002857142857142857,2.8018805235326374
22784,1.875,0.3125,7,1.3,1.25,0.002857142857142857,3.493377328073915
22811,1.5,0.4375,7,1.3,1.25,0.002857142857142857,4.0491816884470735
22980,2,0.1875,3,1.4,1.25,0.002857142857142857,2.007615567946251
22993,1.75,0.25,3,1.4,1.25,0.002857142857142857,2.2517436603291276
23008,1.75,0.3125,3,1.4,1.25,0.002857142857142857,3.2453139729472675
23009,1.875,0.3125,3,1.4,1.25,0.002857142857142857,3.762098661002677
23022,1.625,0.375,3,1.4,1.25,0.002857142857142857,3.8491271050856364
23023,1.75,0.375,3,1.4,1.25,0.002857142857142857,4.4765248922481895
23036,1.5,0.4375,3,1.4,1.25,0.002857142857142857,4.360657202943003
23037,1.625,0.4375,3,1.4,1.25,0.002857142857142857,5.090153007284379
23049,1.25,0.5,3,1.4,1.25,0.002857142857142857,4.022794068850682
23062,1,0.5625,3,1.4,1.25,0.002857142857142857,3.51898813457592
23101,0.25,0.75,3,1.4,1.25,0.002857142857142857,1.7167604525497633
23205,2,0.1875,5,1.4,1.25,0.002857142857142857,2.007615567946251
23219,1.875,0.25,5,1.4,1.25,0.002857142857142857,2.610311939017783
23220,2,0.25,5,1.4,1.25,0.002857142857142857,3.0174097945736094
23234,1.875,0.3125,5,1.4,1.25,0.002857142857142857,3.762098661002677
23248,1.75,0.375,5,1.4,1.25,0.002857142857142857,4.4765248922481895
23261,1.5,0.4375,5,1.4,1.25,0.002857142857142857,4.360657202943003
23275,1.375,0.5,5,1.4,1.25,0.002857142857142857,4.737822915159599
23288,1.125,0.5625,5,1.4,1.25,0.002857142857142857,4.191542728582196
23301,0.875,0.625,5,1.4,1.25,0.002857142857142857,3.5278936180643945
23314,0.625,0.6875,5,1.4,1.25,0.002857142857142857,2.8243296328850294
23430,2,0.1875,7,1.4,1.25,0.002857142857142857,2.007615567946251
23445,2,0.25,7,1.4,1.25,0.002857142857142857,3.0174097945736094
23459,1.875,0.3125,7,1.4,1.25,0.002857142857142857,3.762098661002677
23460,2,0.3125,7,1.4,1.25,0.002857142857142857,4.348826352199592
23639,1.875,0.125,3,1.5,1.25,0.002857142857142857,1.1931264519656428
23683,1.75,0.3125,3,1.5,1.25,0.002857142857142857,3.4771221138720727
23684,1.875,0.3125,3,1.5,1.25,0.002857142857142857,4.03081999393144
23697,1.625,0.375,3,1.5,1.25,0.002857142857142857,4.124064755448896
23698,1.75,0.375,3,1.5,1.25,0.002857142857142857,4.796276670265917
23711,1.5,0.4375,3,1.5,1.25,0.002857142857142857,4.672132717438931
23724,1.25,0.5,3,1.5,1.25,0.002857142857142857,4.310136502340017
23865,2,0.125,5,1.5,1.25,0.002857142857142857,1.3792035306250316
23880,2,0.1875,5,1.5,1.25,0.002857142857142857,2.1510166799424115
23895,2,0.25,5,1.5,1.25,0.002857142857142857,3.2329390656145818
23909,1.875,0.3125,5,1.5,1.25,0.002857142857142857,4.03081999393144
23910,2,0.3125,5,1.5,1.25,0.002857142857142857,4.6594568059281345
23923,1.75,0.375,5,1.5,1.25,0.002857142857142857,4.796276670265917
23924,1.875,0.375,5,1.5,1.25,0.002857142857142857,5.560037084060292
23950,1.375,0.5,5,1.5,1.25,0.002857142857142857,5.076238837670999
23963,1.125,0.5625,5,1.5,1.25,0.002857142857142857,4.490938637766638
24120,2,0.25,7,1.5,1.25,0.002857142857142857,3.2329390656145818
24134,1.875,0.3125,7,1.5,1.25,0.002857142857142857,4.03081999393144
24135,2,0.3125,7,1.5,1.25,0.002857142857142857,4.6594568059281345
24148,1.75,0.375,7,1.5,1.25,0.002857142857142857,4.796276670265917
24314,1.875,0.125,3,1,0.75,0.0022222222222222222,0.7954176346437618
24329,1.875,0.1875,3,1,0.75,0.0022222222222222222,1.2405396024934032
24539,1.875,0.125,5,1,0.75,0.0022222222222222222,0.7954176346437618
24540,2,0.125,5,1,0.75,0.0022222222222222222,0.9194690204166878
24554,1.875,0.1875,5,1,0.75,0.0022222222222222222,1.2405396024934032
24568,1.75,0.25,5,1,0.75,0.0022222222222222222,1.60838832880652
24580,1.375,0.3125,5,1,0.75,0.0022222222222222222,1.4567174165064702
24594,1.25,0.375,5,1,0.75,0.0022222222222222222,1.7061160706545966
24608,1.125,0.4375,5,1,0.75,0.0022222222222222222,1.9055129717569395
24621,0.875,0.5,5,1,0.75,0.0022222222222222222,1.6991895750677124
24622,1,0.5,5,1,0.75,0.0022222222222222222,2.037409943150725
24634,0.625,0.5625,5,1,0.75,0.0022222222222222222,1.4254687832619317
24635,0.75,0.5625,5,1,0.75,0.0022222222222222222,1.7355623301524459
24647,0.375,0.625,5,1,0.75,0.0022222222222222222,1.125709821107558
24648,0.5,0.625,5,1,0.75,0.0022222222222222222,1.3952770390965175
24661,0.25,0.6875,5,1,0.75,0.0022222222222222222,1.058938722427627
24765,2,0.125,7,1,0.75,0.0022222222222222222,0.9194690204166878
24833,1.125,0.4375,7,1,0.75,0.0022222222222222222,1.9055129717569395
24846,0.875,0.5,7,1,0.75,0.0022222222222222222,1.6991895750677124
24847,1,0.5,7,1,0.75,0.0022222222222222222,2.037409943150725
24859,0.625,0.5625,7,1,0.75,0.0022222222222222222,1.4254687832619317
24860,0.75,0.5625,7,1,0.75,0.0022222222222222222,1.7355623301524459
24872,0.375,0.625,7,1,0.75,0.0022222222222222222,1.125709821107558
24873,0.5,0.625,7,1,0.75,0.0022222222222222222,1.3952770390965175
24886,0.25,0.6875,7,1,0.75,0.0022222222222222222,1.058938722427627
24989,1.875,0.125,3,1.1,0.75,0.0022222222222222222,0.874959398108138
24990,2,0.125,3,1.1,0.75,0.0022222222222222222,1.0114159224583565
25030,1.375,0.3125,3,1.1,0.75,0.0022222222222222222,1.6023891581571172
25044,1.25,0.375,3,1.1,0.75,0.0022222222222222222,1.8767276777200563
25215,2,0.125,5,1.1,0.75,0.0022222222222222222,1.0114159224583565
25270,1.375,0.375,5,1.1,0.75,0.0022222222222222222,2.2103053859668957
25283,1.125,0.4375,5,1.1,0.75,0.0022222222222222222,2.0960642689326336
25284,1.25,0.4375,5,1.1,0.75,0.0022222222222222222,2.4818175060987113
25297,1,0.5,5,1.1,0.75,0.0022222222222222222,2.2411509374657976
25310,0.75,0.5625,5,1.1,0.75,0.0022222222222222222,1.9091185631676906
25322,0.375,0.625,5,1.1,0.75,0.0022222222222222222,1.238280803218314
25323,0.5,0.625,5,1.1,0.75,0.0022222222222222222,1.5348047430061693
25336,0.25,0.6875,5,1.1,0.75,0.0022222222222222222,1.16483259467039
25467,1.625,0.25,7,1.1,0.75,0.0022222222222222222,1.5212649068245714
25481,1.5,0.3125,7,1.1,0.75,0.0022222222222222222,1.8782946791470734
25495,1.375,0.375,7,1.1,0.75,0.0022222222222222222,2.2103053859668957
25509,1.25,0.4375,7,1.1,0.75,0.0022222222222222222,2.4818175060987113
25522,1,0.5,7,1.1,0.75,0.0022222222222222222,2.2411509374657976
25535,0.75,0.5625,7,1.1,0.75,0.0022222222222222222,1.9091185631676906
25548,0.5,0.625,7,1.1,0.75,0.0022222222222222222,1.5348047430061693
25561,0.25,0.6875,7,1.1,0.75,0.0022222222222222222,1.16483259467039
25665,2,0.125,3,1.2,0.75,0.0022222222222222222,1.1033628245000253
25905,2,0.1875,5,1.2,0.75,0.0022222222222222222,1.7208133439539293
25931,1.5,0.3125,5,1.2,0.75,0.0022222222222222222,2.049048740887716
25945,1.375,0.375,5,1.2,0.75,0.0022222222222222222,2.4112422392366133
25959,1.25,0.4375,5,1.2,0.75,0.0022222222222222222,2.7074372793804122
25972,1,0.5,5,1.2,0.75,0.0022222222222222222,2.44489193178087
25985,0.75,0.5625,5,1.2,0.75,0.0022222222222222222,2.082674796182935
25998,0.5,0.625,5,1.2,0.75,0.0022222222222222222,1.674332446915821
26011,0.25,0.6875,5,1.2,0.75,0.0022222222222222222,1.2707264669131524
26184,1.25,0.4375,7,1.2,0.75,0.0022222222222222222,2.7074372793804122
26197,1,0.5,7,1.2,0.75,0.0022222222222222222,2.44489193178087
26340,2,0.125,3,1.3,0.75,0.0022222222222222222,1.195309726541694
26634,1.25,0.4375,5,1.3,0.75,0.0022222222222222222,2.9330570526621136
26832,1.625,0.3125,7,1.3,0.75,0.0022222222222222222,2.591154357134803
27282,1.625,0.3125,5,1.4,0.75,0.0022222222222222222,2.790473923068249
27296,1.5,0.375,5,1.4,0.75,0.0022222222222222222,3.2974890561864574
27521,1.5,0.375,7,1.4,0.75,0.0022222222222222222,3.2974890561864574
27971,1.5,0.375,5,1.5,0.75,0.0022222222222222222,3.5330239887712045
28364,1.875,0.125,3,1,1,0.0022222222222222222,0.7954176346437618
28379,1.875,0.1875,3,1,1,0.0022222222222222222,1.2405396024934032
28393,1.75,0.25,3,1,1,0.0022222222222222222,1.60838832880652
28419,1.25,0.375,3,1,1,0.0022222222222222222,1.7061160706545966
28433,1.125,0.4375,3,1,1,0.0022222222222222222,1.9055129717569395
28446,0.875,0.5,3,1,1,0.0022222222222222222,1.6991895750677124
28459,0.625,0.5625,3,1,1,0.0022222222222222222,1.4254687832619317
28472,0.375,0.625,3,1,1,0.0022222222222222222,1.125709821107558
28473,0.5,0.625,3,1,1,0.0022222222222222222,1.3952770390965175
28486,0.25,0.6875,3,1,1,0.0022222222222222222,1.058938722427627
28590,2,0.125,5,1,1,0.0022222222222222222,0.9194690204166878
28604,1.875,0.1875,5,1,1,0.0022222222222222222,1.2405396024934032
28645,1.375,0.375,5,1,1,0.0022222222222222222,2.0093685326971777
28658,1.125,0.4375,5,1,1,0.0022222222222222222,1.9055129717569395
28659,1.25,0.4375,5,1,1,0.0022222222222222222,2.2561977328170104
28660,1.375,0.4375,5,1,1,0.0022222222222222222,2.6572240926877795
28672,1,0.5,5,1,1,0.0022222222222222222,2.037409943150725
28673,1.125,0.5,5,1,1,0.0022222222222222222,2.426802963171583
28674,1.25,0.5,5,1,1,0.0022222222222222222,2.873424334893344
28685,0.75,0.5625,5,1,1,0.0022222222222222222,1.7355623301524459
28686,0.875,0.5625,5,1,1,0.0022222222222222222,2.0962987742493375
28687,1,0.5625,5,1,1,0.0022222222222222222,2.5135629532685146
28698,0.5,0.625,5,1,1,0.0022222222222222222,1.3952770390965175
28699,0.625,0.625,5,1,1,0.0022222222222222222,1.7135310389483245
28700,0.75,0.625,5,1,1,0.0022222222222222222,2.0862890563905365
28711,0.25,0.6875,5,1,1,0.0022222222222222222,1.058938722427627
28712,0.375,0.6875,5,1,1,0.0022222222222222222,1.3253232792057597
28713,0.5,0.6875,5,1,1,0.0022222222222222222,1.6426907771280927
28856,1.5,0.3125,7,1,1,0.0022222222222222222,1.7075406174064303
28870,1.375,0.375,7,1,1,0.0022222222222222222,2.0093685326971777
28884,1.25,0.4375,7,1,1,0.0022222222222222222,2.2561977328170104
28885,1.375,0.4375,7,1,1,0.0022222222222222222,2.6572240926877795
28897,1,0.5,7,1,1,0.0022222222222222222,2.037409943150725
28898,1.125,0.5,7,1,1,0.0022222222222222222,2.426802963171583
28899,1.25,0.5,7,1,1,0.0022222222222222222,2.873424334893344
28910,0.75,0.5625,7,1,1,0.0022222222222222222,1.7355623301524459
28911,0.875,0.5625,7,1,1,0.0022222222222222222,2.0962987742493375
28912,1,0.5625,7,1,1,0.0022222222222222222,2.5135629532685146
28923,0.5,0.625,7,1,1,0.0022222222222222222,1.3952770390965175
28924,0.625,0.625,7,1,1,0.0022222222222222222,1.7135310389483245
28925,0.75,0.625,7,1,1,0.0022222222222222222,2.0862890563905365
28936,0.25,0.6875,7,1,1,0.0022222222222222222,1.058938722427627
28937,0.375,0.6875,7,1,1,0.0022222222222222222,1.3253232792057597
28938,0.5,0.6875,7,1,1,0.0022222222222222222,1.6426907771280927
28951,0.25,0.75,7,1,1,0.0022222222222222222,1.2262574661069738
29039,1.875,0.125,3,1.1,1,0.0022222222222222222,0.874959398108138
29040,2,0.125,3,1.1,1,0.0022222222222222222,1.0114159224583565
29054,1.875,0.1875,3,1.1,1,0.0022222222222222222,1.3645935627427437
29068,1.75,0.25,3,1.1,1,0.0022222222222222222,1.769227161687172
29080,1.375,0.3125,3,1.1,1,0.0022222222222222222,1.6023891581571172
29108,1.125,0.4375,3,1.1,1,0.0022222222222222222,2.0960642689326336
29122,1,0.5,3,1.1,1,0.0022222222222222222,2.2411509374657976
29135,0.75,0.5625,3,1.1,1,0.0022222222222222222,1.9091185631676906
29148,0.5,0.625,3,1.1,1,0.0022222222222222222,1.5348047430061693
29161,0.25,0.6875,3,1.1,1,0.0022222222222222222,1.16483259467039
29265,2,0.125,5,1.1,1,0.0022222222222222222,1.0114159224583565
29306,1.5,0.3125,5,1.1,1,0.0022222222222222222,1.8782946791470734
29308,1.75,0.3125,5,1.1,1,0.0022222222222222222,2.5498895501728533
29320,1.375,0.375,5,1.1,1,0.0022222222222222222,2.2103053859668957
29322,1.625,0.375,5,1.1,1,0.0022222222222222222,3.0243141539958573
29334,1.25,0.4375,5,1.1,1,0.0022222222222222222,2.4818175060987113
29335,1.375,0.4375,5,1.1,1,0.0022222222222222222,2.9229465019565577
29336,1.5,0.4375,5,1.1,1,0.0022222222222222222,3.4262306594552165
29347,1,0.5,5,1.1,1,0.0022222222222222222,2.2411509374657976
29348,1.125,0.5,5,1.1,1,0.0022222222222222222,2.669483259488741
29349,1.25,0.5,5,1.1,1,0.0022222222222222222,3.160766768382679
29360,0.75,0.5625,5,1.1,1,0.0022222222222222222,1.9091185631676906
29361,0.875,0.5625,5,1.1,1,0.0022222222222222222,2.305928651674271
29362,1,0.5625,5,1.1,1,0.0022222222222222222,2.764919248595366
29363,1.125,0.5625,5,1.1,1,0.0022222222222222222,3.293355001028868
29373,0.5,0.625,5,1.1,1,0.0022222222222222222,1.5348047430061693
29374,0.625,0.625,5,1.1,1,0.0022222222222222222,1.884884142843157
29375,0.75,0.625,5,1.1,1,0.0022222222222222222,2.2949179620295905
29376,0.875,0.625,5,1.1,1,0.0022222222222222222,2.771916414193453
29386,0.25,0.6875,5,1.1,1,0.0022222222222222222,1.16483259467039
29387,0.375,0.6875,5,1.1,1,0.0022222222222222222,1.4578556071263358
29388,0.5,0.6875,5,1.1,1,0.0022222222222222222,1.8069598548409023
29389,0.625,0.6875,5,1.1,1,0.0022222222222222222,2.219116140123952
29401,0.25,0.75,5,1.1,1,0.0022222222222222222,1.3488832127176713
29402,0.375,0.75,5,1.1,1,0.0022222222222222222,1.6882056391764104
29532,1.625,0.3125,7,1.1,1,0.0022222222222222222,2.1925152252679103
29546,1.5,0.375,7,1.1,1,0.0022222222222222222,2.590884258432217
29547,1.625,0.375,7,1.1,1,0.0022222222222222222,3.0243141539958573
29559,1.25,0.4375,7,1.1,1,0.0022222222222222222,2.4818175060987113
29560,1.375,0.4375,7,1.1,1,0.0022222222222222222,2.9229465019565577
29561,1.5,0.4375,7,1.1,1,0.0022222222222222222,3.4262306594552165
29573,1.125,0.5,7,1.1,1,0.0022222222222222222,2.669483259488741
29574,1.25,0.5,7,1.1,1,0.0022222222222222222,3.160766768382679
29575,1.375,0.5,7,1.1,1,0.0022222222222222222,3.7225751476253994
29586,0.875,0.5625,7,1.1,1,0.0022222222222222222,2.305928651674271
29587,1,0.5625,7,1.1,1,0.0022222222222222222,2.764919248595366
29598,0.5,0.625,7,1.1,1,0.0022222222222222222,1.5348047430061693
29599,0.625,0.625,7,1.1,1,0.0022222222222222222,1.884884142843157
29600,0.75,0.625,7,1.1,1,0.0022222222222222222,2.2949179620295905
29611,0.25,0.6875,7,1.1,1,0.0022222222222222222,1.16483259467039
29612,0.375,0.6875,7,1.1,1,0.0022222222222222222,1.4578556071263358
29613,0.5,0.6875,7,1.1,1,0.0022222222222222222,1.8069598548409023
29626,0.25,0.75,7,1.1,1,0.0022222222222222222,1.3488832127176713
29715,2,0.125,3,1.2,1,0.0022222222222222222,1.1033628245000253
29729,1.875,0.1875,3,1.2,1,0.0022222222222222222,1.488647522992084
29730,2,0.1875,3,1.2,1,0.0022222222222222222,1.7208133439539293
29744,1.875,0.25,3,1.2,1,0.0022222222222222222,2.2374102334438137
29770,1.375,0.375,3,1.2,1,0.0022222222222222222,2.4112422392366133
29784,1.25,0.4375,3,1.2,1,0.0022222222222222222,2.7074372793804122
29797,1,0.5,3,1.2,1,0.0022222222222222222,2.44489193178087
29810,0.75,0.5625,3,1.2,1,0.0022222222222222222,2.082674796182935
29811,0.875,0.5625,3,1.2,1,0.0022222222222222222,2.515558529099205
29823,0.5,0.625,3,1.2,1,0.0022222222222222222,1.674332446915821
29824,0.625,0.625,3,1.2,1,0.0022222222222222222,2.0562372467379895
29836,0.25,0.6875,3,1.2,1,0.0022222222222222222,1.2707264669131524
29837,0.375,0.6875,3,1.2,1,0.0022222222222222222,1.5903879350469114
29982,1.625,0.3125,5,1.2,1,0.0022222222222222222,2.3918347912013562
29996,1.5,0.375,5,1.2,1,0.0022222222222222222,2.8264191910169636
29997,1.625,0.375,5,1.2,1,0.0022222222222222222,3.299251804359117
30009,1.25,0.4375,5,1.2,1,0.0022222222222222222,2.7074372793804122
30010,1.375,0.4375,5,1.2,1,0.0022222222222222222,3.1886689112253355
30011,1.5,0.4375,5,1.2,1,0.0022222222222222222,3.737706173951145
30023,1.125,0.5,5,1.2,1,0.0022222222222222222,2.912163555805899
30024,1.25,0.5,5,1.2,1,0.0022222222222222222,3.448109201872013
30025,1.375,0.5,5,1.2,1,0.0022222222222222222,4.060991070136799
30036,0.875,0.5625,5,1.2,1,0.0022222222222222222,2.515558529099205
30037,1,0.5625,5,1.2,1,0.0022222222222222222,3.0162755439222173
30038,1.125,0.5625,5,1.2,1,0.0022222222222222222,3.59275091021331
30049,0.625,0.625,5,1.2,1,0.0022222222222222222,2.0562372467379895
30050,0.75,0.625,5,1.2,1,0.0022222222222222222,2.5035468676686436
30051,0.875,0.625,5,1.2,1,0.0022222222222222222,3.0239088154837668
30061,0.25,0.6875,5,1.2,1,0.0022222222222222222,1.2707264669131524
30062,0.375,0.6875,5,1.2,1,0.0022222222222222222,1.5903879350469114
30063,0.5,0.6875,5,1.2,1,0.0022222222222222222,1.9712289325537111
30064,0.625,0.6875,5,1.2,1,0.0022222222222222222,2.420853971044311
30076,0.25,0.75,5,1.2,1,0.0022222222222222222,1.4715089593283686
30077,0.375,0.75,5,1.2,1,0.0022222222222222222,1.8416788791015384
30207,1.625,0.3125,7,1.2,1,0.0022222222222222222,2.3918347912013562
30221,1.5,0.375,7,1.2,1,0.0022222222222222222,2.8264191910169636
30222,1.625,0.375,7,1.2,1,0.0022222222222222222,3.299251804359117
30235,1.375,0.4375,7,1.2,1,0.0022222222222222222,3.1886689112253355
30236,1.5,0.4375,7,1.2,1,0.0022222222222222222,3.737706173951145
30248,1.125,0.5,7,1.2,1,0.0022222222222222222,2.912163555805899
30249,1.25,0.5,7,1.2,1,0.0022222222222222222,3.448109201872013
30261,0.875,0.5625,7,1.2,1,0.0022222222222222222,2.515558529099205
30262,1,0.5625,7,1.2,1,0.0022222222222222222,3.0162755439222173
30274,0.625,0.625,7,1.2,1,0.0022222222222222222,2.0562372467379895
30275,0.75,0.625,7,1.2,1,0.0022222222222222222,2.5035468676686436
30287,0.375,0.6875,7,1.2,1,0.0022222222222222222,1.5903879350469114
30288,0.5,0.6875,7,1.2,1,0.0022222222222222222,1.9712289325537111
30301,0.25,0.75,7,1.2,1,0.0022222222222222222,1.4715089593283686
30390,2,0.125,3,1.3,1,0.0022222222222222222,1.195309726541694
30405,2,0.1875,3,1.3,1,0.0022222222222222222,1.8642144559500902
30419,1.875,0.25,3,1.3,1,0.0022222222222222222,2.4238610862307985
30431,1.5,0.3125,3,1.3,1,0.0022222222222222222,2.2198028026283594
30459,1.25,0.4375,3,1.3,1,0.0022222222222222222,2.9330570526621136
30473,1.125,0.5,3,1.3,1,0.0022222222222222222,3.154843852123058
30486,0.875,0.5625,3,1.3,1,0.0022222222222222222,2.725188406524139
30499,0.625,0.625,3,1.3,1,0.0022222222222222222,2.227590350632822
30511,0.25,0.6875,3,1.3,1,0.0022222222222222222,1.376620339155915
30512,0.375,0.6875,3,1.3,1,0.0022222222222222222,1.7229202629674876
30628,1.75,0.1875,5,1.3,1,0.0022222222222222222,1.391171026961126
30657,1.625,0.3125,5,1.3,1,0.0022222222222222222,2.591154357134803
30671,1.5,0.375,5,1.3,1,0.0022222222222222222,3.0619541236017107
30672,1.625,0.375,5,1.3,1,0.0022222222222222222,3.5741894547223767
30685,1.375,0.4375,5,1.3,1,0.0022222222222222222,3.4543913204941132
30686,1.5,0.4375,5,1.3,1,0.0022222222222222222,4.0491816884470735
30698,1.125,0.5,5,1.3,1,0.0022222222222222222,3.154843852123058
30699,1.25,0.5,5,1.3,1,0.0022222222222222222,3.735451635361348
30700,1.375,0.5,5,1.3,1,0.0022222222222222222,4.399406992648199
30711,0.875,0.5625,5,1.3,1,0.0022222222222222222,2.725188406524139
30712,1,0.5625,5,1.3,1,0.0022222222222222222,3.267631839249069
30713,1.125,0.5625,5,1.3,1,0.0022222222222222222,3.892146819397753
30724,0.625,0.625,5,1.3,1,0.0022222222222222222,2.227590350632822
30725,0.75,0.625,5,1.3,1,0.0022222222222222222,2.7121757733076977
30726,0.875,0.625,5,1.3,1,0.0022222222222222222,3.2759012167740806
30737,0.375,0.6875,5,1.3,1,0.0022222222222222222,1.7229202629674876
30738,0.5,0.6875,5,1.3,1,0.0022222222222222222,2.1354980102665206
30739,0.625,0.6875,5,1.3,1,0.0022222222222222222,2.6225918019646706
30751,0.25,0.75,5,1.3,1,0.0022222222222222222,1.594134705939066
30752,0.375,0.75,5,1.3,1,0.0022222222222222222,1.9951521190266668
30883,1.75,0.3125,7,1.3,1,0.0022222222222222222,3.0135058320224632
30897,1.625,0.375,7,1.3,1,0.0022222222222222222,3.5741894547223767
30898,1.75,0.375,7,1.3,1,0.0022222222222222222,4.156773114230462
30910,1.375,0.4375,7,1.3,1,0.0022222222222222222,3.4543913204941132
30911,1.5,0.4375,7,1.3,1,0.0022222222222222222,4.0491816884470735
30912,1.625,0.4375,7,1.3,1,0.0022222222222222222,4.72657064962121
30923,1.125,0.5,7,1.3,1,0.0022222222222222222,3.154843852123058
30924,1.25,0.5,7,1.3,1,0.0022222222222222222,3.735451635361348
30937,1,0.5625,7,1.3,1,0.0022222222222222222,3.267631839249069
30976,0.25,0.75,7,1.3,1,0.0022222222222222222,1.594134705939066
31080,2,0.1875,3,1.4,1,0.0022222222222222222,2.007615567946251
31092,1.625,0.25,3,1.4,1,0.0022222222222222222,1.936155335958545
31121,1.5,0.375,3,1.4,1,0.0022222222222222222,3.2974890561864574
31148,1.125,0.5,3,1.4,1,0.0022222222222222222,3.397524148440216
31318,1.75,0.25,5,1.4,1,0.0022222222222222222,2.2517436603291276
31333,1.75,0.3125,5,1.4,1,0.0022222222222222222,3.2453139729472675
31347,1.625,0.375,5,1.4,1,0.0022222222222222222,3.8491271050856364
31348,1.75,0.375,5,1.4,1,0.0022222222222222222,4.4765248922481895
31360,1.375,0.4375,5,1.4,1,0.0022222222222222222,3.720113729762891
31361,1.5,0.4375,5,1.4,1,0.0022222222222222222,4.360657202943003
31362,1.625,0.4375,5,1.4,1,0.0022222222222222222,5.090153007284379
31374,1.25,0.5,5,1.4,1,0.0022222222222222222,4.022794068850682
31375,1.375,0.5,5,1.4,1,0.0022222222222222222,4.737822915159599
31387,1,0.5625,5,1.4,1,0.0022222222222222222,3.51898813457592
31388,1.125,0.5625,5,1.4,1,0.0022222222222222222,4.191542728582196
31400,0.75,0.625,5,1.4,1,0.0022222222222222222,2.920804678946751
31412,0.375,0.6875,5,1.4,1,0.0022222222222222222,1.8554525908880635
31413,0.5,0.6875,5,1.4,1,0.0022222222222222222,2.2997670879793297
31426,0.25,0.75,5,1.4,1,0.0022222222222222222,1.7167604525497633
31558,1.75,0.3125,7,1.4,1,0.0022222222222222222,3.2453139729472675
31559,1.875,0.3125,7,1.4,1,0.0022222222222222222,3.762098661002677
31572,1.625,0.375,7,1.4,1,0.0022222222222222222,3.8491271050856364
31573,1.75,0.375,7,1.4,1,0.0022222222222222222,4.4765248922481895
31586,1.5,0.4375,7,1.4,1,0.0022222222222222222,4.360657202943003
31599,1.25,0.5,7,1.4,1,0.0022222222222222222,4.022794068850682
31782,1.625,0.3125,3,1.5,1,0.0022222222222222222,2.9897934890016953
31796,1.5,0.375,3,1.5,1,0.0022222222222222222,3.5330239887712045
32008,1.75,0.3125,5,1.5,1,0.0022222222222222222,3.4771221138720727
32009,1.875,0.3125,5,1.5,1,0.0022222222222222222,4.03081999393144
32022,1.625,0.375,5,1.5,1,0.0022222222222222222,4.124064755448896
32023,1.75,0.375,5,1.5,1,0.0022222222222222222,4.796276670265917
32036,1.5,0.4375,5,1.5,1,0.0022222222222222222,4.672132717438931
32037,1.625,0.4375,5,1.5,1,0.0022222222222222222,5.4537353649475495
32049,1.25,0.5,5,1.5,1,0.0022222222222222222,4.310136502340017
32062,1,0.5625,5,1.5,1,0.0022222222222222222,3.7703444299027717
32101,0.25,0.75,5,1.5,1,0.0022222222222222222,1.8393861991604608
32219,1.875,0.25,7,1.5,1,0.0022222222222222222,2.7967627918047673
32233,1.75,0.3125,7,1.5,1,0.0022222222222222222,3.4771221138720727
32234,1.875,0.3125,7,1.5,1,0.0022222222222222222,4.03081999393144
32247,1.625,0.375,7,1.5,1,0.0022222222222222222,4.124064755448896
32248,1.75,0.375,7,1.5,1,0.0022222222222222222,4.796276670265917
32261,1.5,0.4375,7,1.5,1,0.0022222222222222222,4.672132717438931
32414,1.875,0.125,3,1,1.25,0.0022222222222222222,0.7954176346437618
32415,2,0.125,3,1,1.25,0.0022222222222222222,0.9194690204166878
32426,1.5,0.1875,3,1,1.25,0.0022222222222222222,0.7882782269914754
32429,1.875,0.1875,3,1,1.25,0.0022222222222222222,1.2405396024934032
32443,1.75,0.25,3,1,1.25,0.0022222222222222222,1.60838832880652
32455,1.375,0.3125,3,1,1.25,0.0022222222222222222,1.4567174165064702
32457,1.625,0.3125,3,1,1.25,0.0022222222222222222,1.9931956593344637
32469,1.25,0.375,3,1,1.25,0.0022222222222222222,1.7061160706545966
32471,1.5,0.375,3,1,1.25,0.0022222222222222222,2.35534932584747
32483,1.125,0.4375,3,1,1.25,0.0022222222222222222,1.9055129717569395
32485,1.375,0.4375,3,1,1.25,0.0022222222222222222,2.6572240926877795
32497,1,0.5,3,1,1.25,0.0022222222222222222,2.037409943150725
32498,1.125,0.5,3,1,1.25,0.0022222222222222222,2.426802963171583
32499,1.25,0.5,3,1,1.25,0.0022222222222222222,2.873424334893344
32510,0.75,0.5625,3,1,1.25,0.0022222222222222222,1.7355623301524459
32511,0.875,0.5625,3,1,1.25,0.0022222222222222222,2.0962987742493375
32512,1,0.5625,3,1,1.25,0.0022222222222222222,2.5135629532685146
32522,0.375,0.625,3,1,1.25,0.0022222222222222222,1.125709821107558
32523,0.5,0.625,3,1,1.25,0.0022222222222222222,1.3952770390965175
32524,0.625,0.625,3,1,1.25,0.0022222222222222222,1.7135310389483245
32525,0.75,0.625,3,1,1.25,0.0022222222222222222,2.0862890563905365
32536,0.25,0.6875,3,1,1.25,0.0022222222222222222,1.058938722427627
32537,0.375,0.6875,3,1,1.25,0.0022222222222222222,1.3253232792057597
32640,2,0.125,5,1,1.25,0.0022222222222222222,0.9194690204166878
32667,1.625,0.25,5,1,1.25,0.0022222222222222222,1.3829680971132465
32681,1.5,0.3125,5,1,1.25,0.0022222222222222222,1.7075406174064303
32695,1.375,0.375,5,1,1.25,0.0022222222222222222,2.0093685326971777
32696,1.5,0.375,5,1,1.25,0.0022222222222222222,2.35534932584747
32697,1.625,0.375,5,1,1.25,0.0022222222222222222,2.7493765036325977
32709,1.25,0.4375,5,1,1.25,0.0022222222222222222,2.2561977328170104
32710,1.375,0.4375,5,1,1.25,0.0022222222222222222,2.6572240926877795
32711,1.5,0.4375,5,1,1.25,0.0022222222222222222,3.1147551449592874
32722,1,0.5,5,1,1.25,0.0022222222222222222,2.037409943150725
32723,1.125,0.5,5,1,1.25,0.0022222222222222222,2.426802963171583
32724,1.25,0.5,5,1,1.25,0.0022222222222222222,2.873424334893344
32735,0.75,0.5625,5,1,1.25,0.0022222222222222222,1.7355623301524459
32736,0.875,0.5625,5,1,1.25,0.0022222222222222222,2.0962987742493375
32737,1,0.5625,5,1,1.25,0.0022222222222222222,2.5135629532685146
32738,1.125,0.5625,5,1,1.25,0.0022222222222222222,2.993959091844425
32748,0.5,0.625,5,1,1.25,0.0022222222222222222,1.3952770390965175
32749,0.625,0.625,5,1,1.25,0.0022222222222222222,1.7135310389483245
32750,0.75,0.625,5,1,1.25,0.0022222222222222222,2.0862890563905365
32751,0.875,0.625,5,1,1.25,0.0022222222222222222,2.519924012903139
32761,0.25,0.6875,5,1,1.25,0.0022222222222222222,1.058938722427627
32762,0.375,0.6875,5,1,1.25,0.0022222222222222222,1.3253232792057597
32763,0.5,0.6875,5,1,1.25,0.0022222222222222222,1.6426907771280927
32764,0.625,0.6875,5,1,1.25,0.0022222222222222222,2.017378309203593
32776,0.25,0.75,5,1,1.25,0.0022222222222222222,1.2262574661069738
32777,0.375,0.75,5,1,1.25,0.0022222222222222222,1.534732399251282
32907,1.625,0.3125,7,1,1.25,0.0022222222222222222,1.9931956593344637
32921,1.5,0.375,7,1,1.25,0.0022222222222222222,2.35534932584747
32922,1.625,0.375,7,1,1.25,0.0022222222222222222,2.7493765036325977
32934,1.25,0.4375,7,1,1.25,0.0022222222222222222,2.2561977328170104
32935,1.375,0.4375,7,1,1.25,0.0022222222222222222,2.6572240926877795
32936,1.5,0.4375,7,1,1.25,0.0022222222222222222,3.1147551449592874
32948,1.125,0.5,7,1,1.25,0.0022222222222222222,2.426802963171583
32949,1.25,0.5,7,1,1.25,0.0022222222222222222,2.873424334893344
32950,1.375,0.5,7,1,1.25,0.0022222222222222222,3.3841592251139994
32961,0.875,0.5625,7,1,1.25,0.0022222222222222222,2.0962987742493375
32962,1,0.5625,7,1,1.25,0.0022222222222222222,2.5135629532685146
32963,1.125,0.5625,7,1,1.25,0.0022222222222222222,2.993959091844425
32974,0.625,0.625,7,1,1.25,0.0022222222222222222,1.7135310389483245
32975,0.75,0.625,7,1,1.25,0.0022222222222222222,2.0862890563905365
32976,0.875,0.625,7,1,1.25,0.0022222222222222222,2.519924012903139
32986,0.25,0.6875,7,1,1.25,0.0022222222222222222,1.058938722427627
32987,0.375,0.6875,7,1,1.25,0.0022222222222222222,1.3253232792057597
32988,0.5,0.6875,7,1,1.25,0.0022222222222222222,1.6426907771280927
33001,0.25,0.75,7,1,1.25,0.0022222222222222222,1.2262574661069738
33090,2,0.125,3,1.1,1.25,0.0022222222222222222,1.0114159224583565
33104,1.875,0.1875,3,1.1,1.25,0.0022222222222222222,1.3645935627427437
33116,1.5,0.25,3,1.1,1.25,0.0022222222222222222,1.303244669469788
33118,1.75,0.25,3,1.1,1.25,0.0022222222222222222,1.769227161687172
33145,1.375,0.375,3,1.1,1.25,0.0022222222222222222,2.2103053859668957
33146,1.5,0.375,3,1.1,1.25,0.0022222222222222222,2.590884258432217
33147,1.625,0.375,3,1.1,1.25,0.0022222222222222222,3.0243141539958573
33159,1.25,0.4375,3,1.1,1.25,0.0022222222222222222,2.4818175060987113
33160,1.375,0.4375,3,1.1,1.25,0.0022222222222222222,2.9229465019565577
33172,1,0.5,3,1.1,1.25,0.0022222222222222222,2.2411509374657976
33173,1.125,0.5,3,1.1,1.25,0.0022222222222222222,2.669483259488741
33174,1.25,0.5,3,1.1,1.25,0.0022222222222222222,3.160766768382679
33185,0.75,0.5625,3,1.1,1.25,0.0022222222222222222,1.9091185631676906
33186,0.875,0.5625,3,1.1,1.25,0.0022222222222222222,2.305928651674271
33187,1,0.5625,3,1.1,1.25,0.0022222222222222222,2.764919248595366
33198,0.5,0.625,3,1.1,1.25,0.0022222222222222222,1.5348047430061693
33199,0.625,0.625,3,1.1,1.25,0.0022222222222222222,1.884884142843157
33200,0.75,0.625,3,1.1,1.25,0.0022222222222222222,2.2949179620295905
33201,0.875,0.625,3,1.1,1.25,0.0022222222222222222,2.771916414193453
33211,0.25,0.6875,3,1.1,1.25,0.0022222222222222222,1.16483259467039
33212,0.375,0.6875,3,1.1,1.25,0.0022222222222222222,1.4578556071263358
33213,0.5,0.6875,3,1.1,1.25,0.0022222222222222222,1.8069598548409023
33214,0.625,0.6875,3,1.1,1.25,0.0022222222222222222,2.219116140123952
33226,0.25,0.75,3,1.1,1.25,0.0022222222222222222,1.3488832127176713
33313,1.75,0.125,5,1.1,1.25,0.0022222222222222222,0.7547696688223166
33357,1.625,0.3125,5,1.1,1.25,0.0022222222222222222,2.1925152252679103
33358,1.75,0.3125,5,1.1,1.25,0.0022222222222222222,2.5498895501728533
33371,1.5,0.375,5,1.1,1.25,0.0022222222222222222,2.590884258432217
33372,1.625,0.375,5,1.1,1.25,0.0022222222222222222,3.0243141539958573
33384,1.25,0.4375,5,1.1,1.25,0.0022222222222222222,2.4818175060987113
33385,1.375,0.4375,5,1.1,1.25,0.0022222222222222222,2.9229465019565577
33386,1.5,0.4375,5,1.1,1.25,0.0022222222222222222,3.4262306594552165
33398,1.125,0.5,5,1.1,1.25,0.0022222222222222222,2.669483259488741
33399,1.25,0.5,5,1.1,1.25,0.0022222222222222222,3.160766768382679
33400,1.375,0.5,5,1.1,1.25,0.0022222222222222222,3.7225751476253994
33411,0.875,0.5625,5,1.1,1.25,0.0022222222222222222,2.305928651674271
33412,1,0.5625,5,1.1,1.25,0.0022222222222222222,2.764919248595366
33413,1.125,0.5625,5,1.1,1.25,0.0022222222222222222,3.293355001028868
33424,0.625,0.625,5,1.1,1.25,0.0022222222222222222,1.884884142843157
33425,0.75,0.625,5,1.1,1.25,0.0022222222222222222,2.2949179620295905
33426,0.875,0.625,5,1.1,1.25,0.0022222222222222222,2.771916414193453
33427,1,0.625,5,1.1,1.25,0.0022222222222222222,3.3236609656314524
33436,0.25,0.6875,5,1.1,1.25,0.0022222222222222222,1.16483259467039
33437,0.375,0.6875,5,1.1,1.25,0.0022222222222222222,1.4578556071263358
33438,0.5,0.6875,5,1.1,1.25,0.0022222222222222222,1.8069598548409023
33439,0.625,0.6875,5,1.1,1.25,0.0022222222222222222,2.219116140123952
33440,0.75,0.6875,5,1.1,1.25,0.0022222222222222222,2.7018581004763664
33451,0.25,0.75,5,1.1,1.25,0.0022222222222222222,1.3488832127176713
33452,0.375,0.75,5,1.1,1.25,0.0022222222222222222,1.6882056391764104
33568,1.75,0.25,7,1.1,1.25,0.0022222222222222222,1.769227161687172
33582,1.625,0.3125,7,1.1,1.25,0.0022222222222222222,2.1925152252679103
33583,1.75,0.3125,7,1.1,1.25,0.0022222222222222222,2.5498895501728533
33596,1.5,0.375,7,1.1,1.25,0.0022222222222222222,2.590884258432217
33597,1.625,0.375,7,1.1,1.25,0.0022222222222222222,3.0243141539958573
33610,1.375,0.4375,7,1.1,1.25,0.0022222222222222222,2.9229465019565577
33611,1.5,0.4375,7,1.1,1.25,0.0022222222222222222,3.4262306594552165
33623,1.125,0.5,7,1.1,1.25,0.0022222222222222222,2.669483259488741
33624,1.25,0.5,7,1.1,1.25,0.0022222222222222222,3.160766768382679
33625,1.375,0.5,7,1.1,1.25,0.0022222222222222222,3.7225751476253994
33636,0.875,0.5625,7,1.1,1.25,0.0022222222222222222,2.305928651674271
33637,1,0.5625,7,1.1,1.25,0.0022222222222222222,2.764919248595366
33638,1.125,0.5625,7,1.1,1.25,0.0022222222222222222,3.293355001028868
33649,0.625,0.625,7,1.1,1.25,0.0022222222222222222,1.884884142843157
33650,0.75,0.625,7,1.1,1.25,0.0022222222222222222,2.2949179620295905
33651,0.875,0.625,7,1.1,1.25,0.0022222222222222222,2.771916414193453
33662,0.375,0.6875,7,1.1,1.25,0.0022222222222222222,1.4578556071263358
33663,0.5,0.6875,7,1.1,1.25,0.0022222222222222222,1.8069598548409023
33664,0.625,0.6875,7,1.1,1.25,0.0022222222222222222,2.219116140123952
33676,0.25,0.75,7,1.1,1.25,0.0022222222222222222,1.3488832127176713
33765,2,0.125,3,1.2,1.25,0.0022222222222222222,1.1033628245000253
33777,1.625,0.1875,3,1.2,1.25,0.0022222222222222222,1.1041794667985692
33779,1.875,0.1875,3,1.2,1.25,0.0022222222222222222,1.488647522992084
33794,1.875,0.25,3,1.2,1.25,0.0022222222222222222,2.2374102334438137
33806,1.5,0.3125,3,1.2,1.25,0.0022222222222222222,2.049048740887716
33808,1.75,0.3125,3,1.2,1.25,0.0022222222222222222,2.781697691097658
33820,1.375,0.375,3,1.2,1.25,0.0022222222222222222,2.4112422392366133
33822,1.625,0.375,3,1.2,1.25,0.0022222222222222222,3.299251804359117
33834,1.25,0.4375,3,1.2,1.25,0.0022222222222222222,2.7074372793804122
33835,1.375,0.4375,3,1.2,1.25,0.0022222222222222222,3.1886689112253355
33836,1.5,0.4375,3,1.2,1.25,0.0022222222222222222,3.737706173951145
33848,1.125,0.5,3,1.2,1.25,0.0022222222222222222,2.912163555805899
33849,1.25,0.5,3,1.2,1.25,0.0022222222222222222,3.448109201872013
33861,0.875,0.5625,3,1.2,1.25,0.0022222222222222222,2.515558529099205
33862,1,0.5625,3,1.2,1.25,0.0022222222222222222,3.0162755439222173
33863,1.125,0.5625,3,1.2,1.25,0.0022222222222222222,3.59275091021331
33874,0.625,0.625,3,1.2,1.25,0.0022222222222222222,2.0562372467379895
33875,0.75,0.625,3,1.2,1.25,0.0022222222222222222,2.5035468676686436
33876,0.875,0.625,3,1.2,1.25,0.0022222222222222222,3.0239088154837668
33886,0.25,0.6875,3,1.2,1.25,0.0022222222222222222,1.2707264669131524
33887,0.375,0.6875,3,1.2,1.25,0.0022222222222222222,1.5903879350469114
33888,0.5,0.6875,3,1.2,1.25,0.0022222222222222222,1.9712289325537111
33889,0.625,0.6875,3,1.2,1.25,0.0022222222222222222,2.420853971044311
33901,0.25,0.75,3,1.2,1.25,0.0022222222222222222,1.4715089593283686
33902,0.375,0.75,3,1.2,1.25,0.0022222222222222222,1.8416788791015384
34018,1.75,0.25,5,1.2,1.25,0.0022222222222222222,1.9300659945678238
34032,1.625,0.3125,5,1.2,1.25,0.0022222222222222222,2.3918347912013562
34033,1.75,0.3125,5,1.2,1.25,0.0022222222222222222,2.781697691097658
34046,1.5,0.375,5,1.2,1.25,0.0022222222222222222,2.8264191910169636
34047,1.625,0.375,5,1.2,1.25,0.0022222222222222222,3.299251804359117
34060,1.375,0.4375,5,1.2,1.25,0.0022222222222222222,3.1886689112253355
34061,1.5,0.4375,5,1.2,1.25,0.0022222222222222222,3.737706173951145
34073,1.125,0.5,5,1.2,1.25,0.0022222222222222222,2.912163555805899
34074,1.25,0.5,5,1.2,1.25,0.0022222222222222222,3.448109201872013
34075,1.375,0.5,5,1.2,1.25,0.0022222222222222222,4.060991070136799
34086,0.875,0.5625,5,1.2,1.25,0.0022222222222222222,2.515558529099205
34087,1,0.5625,5,1.2,1.25,0.0022222222222222222,3.0162755439222173
34088,1.125,0.5625,5,1.2,1.25,0.0022222222222222222,3.59275091021331
34089,1.25,0.5625,5,1.2,1.25,0.0022222222222222222,4.2539497648895965
34099,0.625,0.625,5,1.2,1.25,0.0022222222222222222,2.0562372467379895
34100,0.75,0.625,5,1.2,1.25,0.0022222222222222222,2.5035468676686436
34101,0.875,0.625,5,1.2,1.25,0.0022222222222222222,3.0239088154837668
34102,1,0.625,5,1.2,1.25,0.0022222222222222222,3.6258119625070386
34112,0.375,0.6875,5,1.2,1.25,0.0022222222222222222,1.5903879350469114
34113,0.5,0.6875,5,1.2,1.25,0.0022222222222222222,1.9712289325537111
34114,0.625,0.6875,5,1.2,1.25,0.0022222222222222222,2.420853971044311
34115,0.75,0.6875,5,1.2,1.25,0.0022222222222222222,2.947481564156036
34126,0.25,0.75,5,1.2,1.25,0.0022222222222222222,1.4715089593283686
34127,0.375,0.75,5,1.2,1.25,0.0022222222222222222,1.8416788791015384
34128,0.5,0.75,5,1.2,1.25,0.0022222222222222222,2.2826950651200435
34229,1.875,0.1875,7,1.2,1.25,0.0022222222222222222,1.488647522992084
34244,1.875,0.25,7,1.2,1.25,0.0022222222222222222,2.2374102334438137
34258,1.75,0.3125,7,1.2,1.25,0.0022222222222222222,2.781697691097658
34259,1.875,0.3125,7,1.2,1.25,0.0022222222222222222,3.224655995145152
34272,1.625,0.375,7,1.2,1.25,0.0022222222222222222,3.299251804359117
34273,1.75,0.375,7,1.2,1.25,0.0022222222222222222,3.8370213362127337
34285,1.375,0.4375,7,1.2,1.25,0.0022222222222222222,3.1886689112253355
34286,1.5,0.4375,7,1.2,1.25,0.0022222222222222222,3.737706173951145
34287,1.625,0.4375,7,1.2,1.25,0.0022222222222222222,4.362988291958039
34299,1.25,0.5,7,1.2,1.25,0.0022222222222222222,3.448109201872013
34300,1.375,0.5,7,1.2,1.25,0.0022222222222222222,4.060991070136799
34312,1,0.5625,7,1.2,1.25,0.0022222222222222222,3.0162755439222173
34313,1.125,0.5625,7,1.2,1.25,0.0022222222222222222,3.59275091021331
34325,0.75,0.625,7,1.2,1.25,0.0022222222222222222,2.5035468676686436
34326,0.875,0.625,7,1.2,1.25,0.0022222222222222222,3.0239088154837668
34337,0.375,0.6875,7,1.2,1.25,0.0022222222222222222,1.5903879350469114
34338,0.5,0.6875,7,1.2,1.25,0.0022222222222222222,1.9712289325537111
34339,0.625,0.6875,7,1.2,1.25,0.0022222222222222222,2.420853971044311
34351,0.25,0.75,7,1.2,1.25,0.0022222222222222222,1.4715089593283686
34352,0.375,0.75,7,1.2,1.25,0.0022222222222222222,1.8416788791015384
34440,2,0.125,3,1.3,1.25,0.0022222222222222222,1.195309726541694
34455,2,0.1875,3,1.3,1.25,0.0022222222222222222,1.8642144559500902
34467,1.625,0.25,3,1.3,1.25,0.0022222222222222222,1.7978585262472206
34469,1.875,0.25,3,1.3,1.25,0.0022222222222222222,2.4238610862307985
34483,1.75,0.3125,3,1.3,1.25,0.0022222222222222222,3.0135058320224632
34496,1.5,0.375,3,1.3,1.25,0.0022222222222222222,3.0619541236017107
34497,1.625,0.375,3,1.3,1.25,0.0022222222222222222,3.5741894547223767
34510,1.375,0.4375,3,1.3,1.25,0.0022222222222222222,3.4543913204941132
34511,1.5,0.4375,3,1.3,1.25,0.0022222222222222222,4.0491816884470735
34523,1.125,0.5,3,1.3,1.25,0.0022222222222222222,3.154843852123058
34524,1.25,0.5,3,1.3,1.25,0.0022222222222222222,3.735451635361348
34525,1.375,0.5,3,1.3,1.25,0.0022222222222222222,4.399406992648199
34536,0.875,0.5625,3,1.3,1.25,0.0022222222222222222,2.725188406524139
34537,1,0.5625,3,1.3,1.25,0.0022222222222222222,3.267631839249069
34538,1.125,0.5625,3,1.3,1.25,0.0022222222222222222,3.892146819397753
34549,0.625,0.625,3,1.3,1.25,0.0022222222222222222,2.227590350632822
34550,0.75,0.625,3,1.3,1.25,0.0022222222222222222,2.7121757733076977
34551,0.875,0.625,3,1.3,1.25,0.0022222222222222222,3.2759012167740806
34562,0.375,0.6875,3,1.3,1.25,0.0022222222222222222,1.7229202629674876
34563,0.5,0.6875,3,1.3,1.25,0.0022222222222222222,2.1354980102665206
34564,0.625,0.6875,3,1.3,1.25,0.0022222222222222222,2.6225918019646706
34576,0.25,0.75,3,1.3,1.25,0.0022222222222222222,1.594134705939066
34577,0.375,0.75,3,1.3,1.25,0.0022222222222222222,1.9951521190266668
34708,1.75,0.3125,5,1.3,1.25,0.0022222222222222222,3.0135058320224632
34709,1.875,0.3125,5,1.3,1.25,0.0022222222222222222,3.493377328073915
34722,1.625,0.375,5,1.3,1.25,0.0022222222222222222,3.5741894547223767
34723,1.75,0.375,5,1.3,1.25,0.0022222222222222222,4.156773114230462
34735,1.375,0.4375,5,1.3,1.25,0.0022222222222222222,3.4543913204941132
34736,1.5,0.4375,5,1.3,1.25,0.0022222222222222222,4.0491816884470735
34737,1.625,0.4375,5,1.3,1.25,0.0022222222222222222,4.72657064962121
34749,1.25,0.5,5,1.3,1.25,0.0022222222222222222,3.735451635361348
34750,1.375,0.5,5,1.3,1.25,0.0022222222222222222,4.399406992648199
34751,1.5,0.5,5,1.3,1.25,0.0022222222222222222,5.156913789405005
34762,1,0.5625,5,1.3,1.25,0.0022222222222222222,3.267631839249069
34763,1.125,0.5625,5,1.3,1.25,0.0022222222222222222,3.892146819397753
34764,1.25,0.5625,5,1.3,1.25,0.0022222222222222222,4.608445578630397
34775,0.75,0.625,5,1.3,1.25,0.0022222222222222222,2.7121757733076977
34776,0.875,0.625,5,1.3,1.25,0.0022222222222222222,3.2759012167740806
34777,1,0.625,5,1.3,1.25,0.0022222222222222222,3.9279629593826253
34788,0.5,0.6875,5,1.3,1.25,0.0022222222222222222,2.1354980102665206
34789,0.625,0.6875,5,1.3,1.25,0.0022222222222222222,2.6225918019646706
34790,0.75,0.6875,5,1.3,1.25,0.0022222222222222222,3.193105027835706
34801,0.25,0.75,5,1.3,1.25,0.0022222222222222222,1.594134705939066
34802,0.375,0.75,5,1.3,1.25,0.0022222222222222222,1.9951521190266668
34803,0.5,0.75,5,1.3,1.25,0.0022222222222222222,2.4729196538800475
34919,1.875,0.25,7,1.3,1.25,0.0022222222222222222,2.4238610862307985
34933,1.75,0.3125,7,1.3,1.25,0.0022222222222222222,3.0135058320224632
34934,1.875,0.3125,7,1.3,1.25,0.0022222222222222222,3.493377328073915
34947,1.625,0.375,7,1.3,1.25,0.0022222222222222222,3.5741894547223767
34948,1.75,0.375,7,1.3,1.25,0.0022222222222222222,4.156773114230462
34961,1.5,0.4375,7,1.3,1.25,0.0022222222222222222,4.0491816884470735
34962,1.625,0.4375,7,1.3,1.25,0.0022222222222222222,4.72657064962121
34974,1.25,0.5,7,1.3,1.25,0.0022222222222222222,3.735451635361348
34975,1.375,0.5,7,1.3,1.25,0.0022222222222222222,4.399406992648199
34987,1,0.5625,7,1.3,1.25,0.0022222222222222222,3.267631839249069
34988,1.125,0.5625,7,1.3,1.25,0.0022222222222222222,3.892146819397753
35026,0.25,0.75,7,1.3,1.25,0.0022222222222222222,1.594134705939066
35130,2,0.1875,3,1.4,1.25,0.0022222222222222222,2.007615567946251
35157,1.625,0.3125,3,1.4,1.25,0.0022222222222222222,2.790473923068249
35171,1.5,0.375,3,1.4,1.25,0.0022222222222222222,3.2974890561864574
35172,1.625,0.375,3,1.4,1.25,0.0022222222222222222,3.8491271050856364
35173,1.75,0.375,3,1.4,1.25,0.0022222222222222222,4.4765248922481895
35185,1.375,0.4375,3,1.4,1.25,0.0022222222222222222,3.720113729762891
35186,1.5,0.4375,3,1.4,1.25,0.0022222222222222222,4.360657202943003
35187,1.625,0.4375,3,1.4,1.25,0.0022222222222222222,5.090153007284379
35198,1.125,0.5,3,1.4,1.25,0.0022222222222222222,3.397524148440216
35199,1.25,0.5,3,1.4,1.25,0.0022222222222222222,4.022794068850682
35200,1.375,0.5,3,1.4,1.25,0.0022222222222222222,4.737822915159599
35212,1,0.5625,3,1.4,1.25,0.0022222222222222222,3.51898813457592
35213,1.125,0.5625,3,1.4,1.25,0.0022222222222222222,4.191542728582196
35225,0.75,0.625,3,1.4,1.25,0.0022222222222222222,2.920804678946751
35226,0.875,0.625,3,1.4,1.25,0.0022222222222222222,3.5278936180643945
35237,0.375,0.6875,3,1.4,1.25,0.0022222222222222222,1.8554525908880635
35238,0.5,0.6875,3,1.4,1.25,0.0022222222222222222,2.2997670879793297
35239,0.625,0.6875,3,1.4,1.25,0.0022222222222222222,2.8243296328850294
35251,0.25,0.75,3,1.4,1.25,0.0022222222222222222,1.7167604525497633
35252,0.375,0.75,3,1.4,1.25,0.0022222222222222222,2.1486253589517945
35354,1.875,0.1875,5,1.4,1.25,0.0022222222222222222,1.7367554434907646
35369,1.875,0.25,5,1.4,1.25,0.0022222222222222222,2.610311939017783
35383,1.75,0.3125,5,1.4,1.25,0.0022222222222222222,3.2453139729472675
35384,1.875,0.3125,5,1.4,1.25,0.0022222222222222222,3.762098661002677
35397,1.625,0.375,5,1.4,1.25,0.0022222222222222222,3.8491271050856364
35398,1.75,0.375,5,1.4,1.25,0.0022222222222222222,4.4765248922481895
35411,1.5,0.4375,5,1.4,1.25,0.0022222222222222222,4.360657202943003
35412,1.625,0.4375,5,1.4,1.25,0.0022222222222222222,5.090153007284379
35424,1.25,0.5,5,1.4,1.25,0.0022222222222222222,4.022794068850682
35425,1.375,0.5,5,1.4,1.25,0.0022222222222222222,4.737822915159599
35426,1.5,0.5,5,1.4,1.25,0.0022222222222222222,5.553599465513082
35437,1,0.5625,5,1.4,1.25,0.0022222222222222222,3.51898813457592
35438,1.125,0.5625,5,1.4,1.25,0.0022222222222222222,4.191542728582196
35439,1.25,0.5625,5,1.4,1.25,0.0022222222222222222,4.962941392371196
35450,0.75,0.625,5,1.4,1.25,0.0022222222222222222,2.920804678946751
35451,0.875,0.625,5,1.4,1.25,0.0022222222222222222,3.5278936180643945
35452,1,0.625,5,1.4,1.25,0.0022222222222222222,4.2301139562582115
35463,0.5,0.6875,5,1.4,1.25,0.0022222222222222222,2.2997670879793297
35464,0.625,0.6875,5,1.4,1.25,0.0022222222222222222,2.8243296328850294
35465,0.75,0.6875,5,1.4,1.25,0.0022222222222222222,3.4387284915153753
35476,0.25,0.75,5,1.4,1.25,0.0022222222222222222,1.7167604525497633
35477,0.375,0.75,5,1.4,1.25,0.0022222222222222222,2.1486253589517945
35478,0.5,0.75,5,1.4,1.25,0.0022222222222222222,2.6631442426400507
35565,2,0.125,7,1.4,1.25,0.0022222222222222222,1.2872566285833629
35580,2,0.1875,7,1.4,1.25,0.0022222222222222222,2.007615567946251
35594,1.875,0.25,7,1.4,1.25,0.0022222222222222222,2.610311939017783
35595,2,0.25,7,1.4,1.25,0.0022222222222222222,3.0174097945736094
35608,1.75,0.3125,7,1.4,1.25,0.0022222222222222222,3.2453139729472675
35609,1.875,0.3125,7,1.4,1.25,0.0022222222222222222,3.762098661002677
35622,1.625,0.375,7,1.4,1.25,0.0022222222222222222,3.8491271050856364
35623,1.75,0.375,7,1.4,1.25,0.0022222222222222222,4.4765248922481895
35624,1.875,0.375,7,1.4,1.25,0.0022222222222222222,5.189367945122939
35636,1.5,0.4375,7,1.4,1.25,0.0022222222222222222,4.360657202943003
35637,1.625,0.4375,7,1.4,1.25,0.0022222222222222222,5.090153007284379
35649,1.25,0.5,7,1.4,1.25,0.0022222222222222222,4.022794068850682
35650,1.375,0.5,7,1.4,1.25,0.0022222222222222222,4.737822915159599
35818,1.75,0.25,3,1.5,1.25,0.0022222222222222222,2.4125824932097797
35820,2,0.25,3,1.5,1.25,0.0022222222222222222,3.2329390656145818
35834,1.875,0.3125,3,1.5,1.25,0.0022222222222222222,4.03081999393144
35847,1.625,0.375,3,1.5,1.25,0.0022222222222222222,4.124064755448896
35848,1.75,0.375,3,1.5,1.25,0.0022222222222222222,4.796276670265917
35860,1.375,0.4375,3,1.5,1.25,0.0022222222222222222,3.9858361390316692
35861,1.5,0.4375,3,1.5,1.25,0.0022222222222222222,4.672132717438931
35862,1.625,0.4375,3,1.5,1.25,0.0022222222222222222,5.4537353649475495
35874,1.25,0.5,3,1.5,1.25,0.0022222222222222222,4.310136502340017
35875,1.375,0.5,3,1.5,1.25,0.0022222222222222222,5.076238837670999
35887,1,0.5625,3,1.5,1.25,0.0022222222222222222,3.7703444299027717
35900,0.75,0.625,3,1.5,1.25,0.0022222222222222222,3.129433584585805
35913,0.5,0.6875,3,1.5,1.25,0.0022222222222222222,2.4640361656921392
35926,0.25,0.75,3,1.5,1.25,0.0022222222222222222,1.8393861991604608
36044,1.875,0.25,5,1.5,1.25,0.0022222222222222222,2.7967627918047673
36045,2,0.25,5,1.5,1.25,0.0022222222222222222,3.2329390656145818
36058,1.75,0.3125,5,1.5,1.25,0.0022222222222222222,3.4771221138720727
36059,1.875,0.3125,5,1.5,1.25,0.0022222222222222222,4.03081999393144
36072,1.625,0.375,5,1.5,1.25,0.0022222222222222222,4.124064755448896
36073,1.75,0.375,5,1.5,1.25,0.0022222222222222222,4.796276670265917
36074,1.875,0.375,5,1.5,1.25,0.0022222222222222222,5.560037084060292
36086,1.5,0.4375,5,1.5,1.25,0.0022222222222222222,4.672132717438931
36087,1.625,0.4375,5,1.5,1.25,0.0022222222222222222,5.4537353649475495
36088,1.75,0.4375,5,1.5,1.25,0.0022222222222222222,6.342680158487201
36099,1.25,0.5,5,1.5,1.25,0.0022222222222222222,4.310136502340017
36100,1.375,0.5,5,1.5,1.25,0.0022222222222222222,5.076238837670999
36101,1.5,0.5,5,1.5,1.25,0.0022222222222222222,5.950285141621159
36113,1.125,0.5625,5,1.5,1.25,0.0022222222222222222,4.490938637766638
36114,1.25,0.5625,5,1.5,1.25,0.0022222222222222222,5.317437206111996
36126,0.875,0.625,5,1.5,1.25,0.0022222222222222222,3.7798860193547084
36138,0.5,0.6875,5,1.5,1.25,0.0022222222222222222,2.4640361656921392
36139,0.625,0.6875,5,1.5,1.25,0.0022222222222222222,3.026067463805389
36151,0.25,0.75,5,1.5,1.25,0.0022222222222222222,1.8393861991604608
36152,0.375,0.75,5,1.5,1.25,0.0022222222222222222,2.302098598876923
36255,2,0.1875,7,1.5,1.25,0.0022222222222222222,2.1510166799424115
36270,2,0.25,7,1.5,1.25,0.0022222222222222222,3.2329390656145818
36284,1.875,0.3125,7,1.5,1.25,0.0022222222222222222,4.03081999393144
36285,2,0.3125,7,1.5,1.25,0.0022222222222222222,4.6594568059281345
36298,1.75,0.375,7,1.5,1.25,0.0022222222222222222,4.796276670265917
36299,1.875,0.375,7,1.5,1.25,0.0022222222222222222,5.560037084060292
36311,1.5,0.4375,7,1.5,1.25,0.0022222222222222222,4.672132717438931
36312,1.625,0.4375,7,1.5,1.25,0.0022222222222222222,5.4537353649475495
