par_id,exp_dep,age_dep,seasforc_width_wks,R0,seasforce_peak,omega,peak_week,const_delta
37,0.7970561817832618,0.2107231003530498,6.323150983404168,2.2850595925488957,0.8516150958641622,0.00285488767988417,47.69355162804597,0.8023936331372159
49,0.31040781875038626,0.3229244755279001,5.262159475948084,1.7003747666890685,0.4315928130442088,0.0030414088983942,46.92351366440449,0.524267490535424
57,0.3558143874211277,0.14121459849338475,7.831783968972526,1.8214725480086331,0.48643001288493254,0.00272962253789375,45.06799175443404,0.19173795146235545
59,0.4777660640149639,0.12800700873959575,4.441110840066647,2.142008000734347,0.20401013362798187,0.00353225349320389,46.771439108587295,0.2528613572012161
62,0.4716583030049165,0.1447971104463291,7.903547976746135,1.885848113333396,0.5258647388123872,0.00329948061761992,43.699498683594136,0.2489833387099269
64,0.8581726322848535,0.10223914431420464,4.02921198977862,2.6257530109074536,0.35650154851382104,0.00277683400802772,45.54463635562697,0.46787271427943705
65,0.7446958212629626,0.20998586201513147,6.187735441917038,2.217716568934969,0.6332360011659236,0.0023601124010381,46.505801152270394,0.715253830293901
74,0.5678054725344013,0.25312426988529235,8.724547349338952,1.7381626178924496,1.0499467102188087,0.00257952506347386,46.152031478785574,0.5572590617110696
78,0.39499151090300655,0.2646015568469767,4.8042434141529045,1.842120145238204,0.7018347152473929,0.00257330295350517,45.83603395018199,0.4728755461609741
104,0.5298423672839453,0.10460556460525648,3.902245925212094,2.3625162359313574,0.21024600643525557,0.00325879900693578,47.24584754398533,0.2557245314844307
124,0.457420925190331,0.147263706419745,3.514915537465374,1.9444306344095643,0.47901809894382097,0.00272079224077521,43.938951320480776,0.25506702458306074
191,0.3374576350368763,0.27093431601989043,7.412074234530325,1.8175180953131351,0.24482547877317268,0.00238303844376579,46.69612514453624,0.4379265680505863
199,0.5700773094498102,0.23631277706525677,5.0439456252845165,2.1982088251438827,0.42342789724476465,0.0025709956697441,45.63096910117045,0.636825115835346
206,0.5503402224590064,0.15622242426176672,5.6669046095442654,1.567903141942509,1.4225231387187414,0.00258467150442615,43.950220543833346,0.2562810098488577
210,0.5496459977928909,0.1250786152353161,6.355835219291694,2.586164929528864,0.34968945216157155,0.00242823634097207,44.96766734078196,0.3369349200467377
221,0.32456878733595146,0.29682563145583263,5.028362392313607,2.187371925737769,0.2993273551425562,0.00238435736403671,47.78144463817196,0.598830509323152
245,0.6474822235706702,0.14135744629986002,5.856446306642122,2.080433195228402,0.4876147008634754,0.00254871725136493,44.22174203083461,0.3578293627620396
266,0.3878417081135736,0.10797105772049592,4.2241337744178855,1.2537708893799742,1.1646080713699172,0.00419341485981696,43.00058204301051,0.1092638208885069
269,0.4546444930455706,0.19116823766324864,8.460673478259482,1.0867269120672758,1.307134318140601,0.00308650028765198,43.20526581368187,0.19291620721943645
270,0.5454878036267334,0.21605913901826135,5.387641396820627,2.033401834659401,0.36669949486007536,0.00272545698092065,43.89253627100974,0.4964755759348619
273,0.921496346323637,0.14090684901003064,8.225743112384295,2.5248028722877396,0.4952631864386349,0.00334164238226346,44.17011791642271,0.6574524976997431
275,0.31691963085946445,0.2965221928438385,5.124122331991887,1.7200562254343976,0.3869592593407877,0.00324171005276904,46.11062143585008,0.4636928051865237
299,0.40648811722061434,0.16869568017805964,6.782301989872484,1.60469170225545,0.796071684384773,0.00246816840484614,44.41502930989867,0.22453093476685632
309,0.4799762113003994,0.17802178999566823,5.445259170886829,2.3898894142125666,0.37146969643692646,0.00261774821094544,47.66937922352514,0.4047272483506552
323,0.49300177824559466,0.2655099744906668,2.5293535130077354,2.155783689939915,0.52379768408171,0.00300831387247582,47.92796851275351,0.6581813105063089
347,0.418200879271586,0.2618043468938888,8.595048881317812,1.4861479428587363,0.841387170435951,0.0032078675910157,45.07156414227436,0.3905185873025983
371,0.7833978707728849,0.2288612236913255,6.098767099655977,2.693655443576047,0.9536454351538726,0.00231321925904462,47.78675199314592,1.042560496900665
409,0.45013447100788073,0.2698774331844509,5.527434380000779,1.9864908062465032,0.28222732420694885,0.0033071887193227,47.775089419836256,0.5789207388316253
442,1.1469957481460336,0.09087362894380156,6.290668069362518,3.5370412232110033,0.44671471031582555,0.00283704095779023,43.91400616017589,0.8725922200500944
448,0.5488606261777833,0.19154328414605115,5.159714731571346,2.0607864802256928,0.3401577237805592,0.00245276656535583,46.448130847611175,0.42962046632631873
465,0.6421722580514273,0.10411326349112592,5.736855110573195,2.2965047070239057,0.4393729114907503,0.00245849693317433,45.39673454036438,0.29743260916169284
466,0.7120099836867473,0.15368031472437238,4.648144524744097,2.171437242944391,0.31328987446768736,0.00263624622070898,45.20579663751891,0.4518430288661025
485,0.949883367516865,0.11166167580552284,8.00673416566057,2.4614441181795477,0.5153055818419554,0.0023844424530094,43.01147032295739,0.5385588715783823
491,0.9234834771410474,0.15173401316244658,3.841688525760311,3.1334116742335487,0.4646636925418629,0.00295770221238988,47.79939471124566,0.8846451222071637
519,0.8634173116157315,0.0949984470024472,8.28087466579835,1.6879139591231247,1.2865701115670911,0.00391164048062965,44.75803803924126,0.28695184767183035
533,0.6981818091855347,0.2293324933750846,4.826826969913963,2.318325846751017,0.6908685326528612,0.00357131635288901,47.83562598727745,0.7888741289909373
546,0.856712205016398,0.1127440046682915,5.8464266002282494,2.3849573667299757,1.0843615584706372,0.00276372774917154,44.78005920927892,0.4588294726183798
571,0.8387737530817587,0.15814972729464644,5.888888001144674,2.3795118351762903,0.6730470848145598,0.0025950603288,44.713001592192995,0.6204823464745864
591,0.6682413644902316,0.13017638229457662,4.272144758212886,2.449627153280203,0.20608386937950057,0.00284859743066202,44.963761771714275,0.4013975410495338
598,0.45810038377974016,0.17263903528495964,5.251170998199275,1.8570682720860152,0.27773521753874086,0.00375294803006737,44.12177564253929,0.29190598818873725
613,0.5778064469199164,0.2278898648715772,4.614291141195496,1.8352886956052523,0.5148924355919138,0.00283205133099749,45.63508641705434,0.5102663739698718
644,0.5220464852636185,0.12713431877197776,6.1698613316584074,1.9239306855441904,0.2852412214736076,0.00435465671240699,46.99626321818669,0.24309172551557223
665,0.7659833646717452,0.075850320527169,7.164705334737922,1.9958116758955904,1.3973583912199763,0.00234884743591176,44.93250813988739,0.2529293564102018
670,0.7313286581718071,0.15403239000308483,3.0618010850066177,2.1267814518643315,0.6407671397227597,0.00333946513297025,45.13761648656367,0.4572069122224718
680,0.5438257899418302,0.09078926432518832,6.202377848135554,2.229020334493196,0.3676858708110682,0.00271571867106396,45.62931162718811,0.2223950713790583
685,0.3610337985219979,0.18269095832541735,3.662870522558684,1.909356064057352,0.5281224711977666,0.00291303008778188,44.94370409488085,0.2719008566632853
703,0.40435689063462743,0.22082683504339465,4.138194060157848,1.9048062449905263,0.6298248374314943,0.00281562206564471,47.01209520583172,0.37770232268550513
726,0.46512096977058026,0.1634331050945776,6.154338963737088,1.28718324925366,1.3290288170212794,0.00238113493665562,43.110502616461964,0.19196226991834772
738,0.5495221866591582,0.19021766422837005,5.563247994145704,1.6118016043601822,0.904402860684933,0.00230912781941578,44.33662788253696,0.3333678499564226
754,0.813758154056361,0.17372300252489126,6.406305320038028,2.5645630226603684,0.2731544753389892,0.00229749548055302,44.97686613382491,0.7185593906199093
765,0.7242776622463141,0.08662521315762618,5.698700681916272,1.8094424040761308,1.2201642342736538,0.00334498583076379,43.27167697716319,0.2335772703183098
766,0.5760659195801058,0.1030768534052535,7.394711427678971,1.9946012171441363,0.9110219652040236,0.002482987131985,43.28011416237379,0.23033309403028152
774,0.9853597822603544,0.1513134959727778,7.421086623296187,2.480288462572506,0.8155328324808164,0.00291259062704839,45.75947291293433,0.7634237540887229
779,0.7948389995860848,0.13934329373418974,5.2978036572089575,2.3728763150723657,0.6573830298285932,0.00292127675469315,44.25892699506767,0.5059385299775259
781,0.5999647854768267,0.11547670728733649,7.295274510402845,1.5169509983709308,1.1866361178898208,0.0026380144541979602,43.58201675106644,0.1998603553690826
812,0.5210860332053722,0.22810671723145257,4.062052391327354,1.834265367520112,0.289402688196861,0.00285038399238941,45.497407919464166,0.4650388782006492
817,0.8085553903135918,0.13565498368635892,6.005820437603202,2.233375145461235,0.5020826593413592,0.00328481476270894,44.040860136867416,0.4733296676451599
819,0.3286898202205841,0.17202193360872917,7.0328452753198905,1.3896350325636864,0.8894925590759581,0.00283420392759694,44.78777425800454,0.1735423217171429
848,0.3824886926665837,0.21682100406616617,6.000603642082967,1.9376320805970408,0.9808884949258608,0.0020555100230675,44.81825256157172,0.3602950034757824
867,0.9715815432713796,0.11442344210076068,5.662894085443453,2.8433316581092214,0.9333048909850834,0.00297142498993061,46.4383833506528,0.6552540213163831
880,0.8935138372147888,0.15664787953538667,8.083776969405022,2.120769206917738,1.1125242335144343,0.00291712311103683,45.10854161636809,0.593469590247871
884,0.42046786930609736,0.21208610932929828,3.104706116999945,1.8168145852074755,0.31938251698195236,0.00301288554969026,43.91566957013896,0.34985111793480106
899,0.4773028404228731,0.12957917704726957,4.604919167888703,1.3543422642334142,1.3416062851450197,0.00292095317724311,43.3863682861497,0.16160804980875684
954,0.8231875453584843,0.11802153396592475,3.471662497847654,2.849584777253721,0.2246396479169882,0.00340695442041623,46.53597802919678,0.5422776173911461
983,0.772988287239024,0.09867968830256336,7.086866160885666,1.7419466527251226,1.415097604252729,0.00341323629664741,43.16059213534343,0.2657040444601171
1004,0.437249284819742,0.212418702536119,6.300564938210289,1.5231550469708168,0.9867575106131784,0.00259358615656333,44.02663502538242,0.30256755775713967
1011,0.5902508187108075,0.14208749283513367,5.714522815909986,2.2680862969980864,0.2210074725251121,0.00302167583460903,47.21142629463764,0.35761464743965987
1036,0.623700851542969,0.1748078925081238,3.601273230508532,2.8083532881437754,0.398764334624105,0.00294014195733035,47.11213310041603,0.589576879759046
1055,0.5690686787404218,0.17254202727528756,7.401942881766752,1.7304763211408103,0.6051443198185726,0.00331928176670205,45.375102900856035,0.3272393520955968
1076,0.5236327023294474,0.1598283582979328,5.060540103165062,1.559489327832842,1.0483870572407818,0.00220665763432646,43.31913545667652,0.25018706250227074
1079,0.35382213575990096,0.1812344141735637,3.9566488091451455,1.7031601772513931,0.24163425803630453,0.00265802652232873,43.90547311259488,0.2370782787192715
1096,0.5553493415837966,0.17624290327847314,5.667150295738675,1.7658120689558563,1.174908394253417,0.00236653085944387,44.25982066952907,0.33498636274750654
1113,0.8347858802632804,0.06743835334220397,4.120259264845331,2.106270226489902,1.0525734700929308,0.00409398345646605,43.4907554322893,0.2775831219107082
1128,0.7582229288890314,0.10742271942620864,5.010043516438141,1.9771143295309703,1.3285784621324972,0.0024081997130873,43.749518387234275,0.314905456749964
1180,0.3228540580679444,0.2069667771173505,5.633461968703526,1.820274226842813,0.28519477894427403,0.00270920485459414,45.404773346743205,0.2854165071161445
1184,0.4792620261584838,0.14163373772585958,4.436141258679729,2.154107173766872,0.4703704099769545,0.00263644631768671,44.968588102049544,0.2815780362906559
1199,0.8232626481034726,0.1468863378766614,6.3459184753461955,1.9843178196443103,0.6316335733816079,0.00307800245815622,44.29948669359364,0.4664183139791117
1202,0.8246042917543561,0.11779124796025184,3.7721653248113025,2.8751763483888633,0.7062424297127612,0.00267372461803753,44.250390992735994,0.5473784503740269
1216,0.32643738363490266,0.22517123824093915,4.782742732574404,1.7524555930268362,0.26562597053343345,0.00303457719992444,43.08906772470593,0.3115682925392153
1217,0.728445053396904,0.224770123302954,7.731408465050792,2.3887695409182452,0.9171029687133954,0.00284272517184974,47.87882959071197,0.8274982486870234
1289,0.42450712066021334,0.22878116324734488,3.8726989594012102,1.733470631124626,0.6814128677341766,0.00307289210541867,44.82052551918208,0.3747000488478715
1350,0.5776686515090208,0.1629075748754782,3.6837524927529937,2.554480985902279,0.7650497186477667,0.00233048863386329,45.85469174061924,0.45789941139407114
1355,0.575389385837239,0.12300137776309664,9.917344801666705,1.7712030866298232,0.6958805837968292,0.00309547892424087,43.24792009748053,0.23706898979391391
1366,0.7591002988518397,0.07361423505113926,6.198503041446793,2.0793851392492035,1.475084702208025,0.00240867618610649,44.01634150668211,0.2562813762577795
1372,0.85999119719208,0.10926313206911048,6.860244080005129,1.9377856403800944,1.3311945652661452,0.00279172765173947,45.661718490678,0.3649966579532042
1377,0.7826600960311665,0.19705713951486392,5.389805184207243,2.9780319029925777,0.4138007581283171,0.00273464991062167,46.80084928731187,0.933913208980278
1395,0.757547288238841,0.06767077151749011,6.948242180926106,2.238611947099547,0.7438991799879797,0.00267969544051044,43.880909485413575,0.26284573580375437
1400,0.32681682536772894,0.23805838396091517,5.249293941936395,1.6449309223597282,0.20337122899743337,0.00350904795060353,43.74928807913453,0.3177661141236551
1413,0.4005412498848163,0.16425159315392568,4.042627038902665,1.9242112454203637,0.46981712748684223,0.0032737719555987,45.94663388330195,0.25827922361093497
1430,0.3036821676173993,0.2378689556167073,4.584318043010665,2.1779248822247914,0.8243008375454666,0.00212317632563767,47.66296943301033,0.4031489086273644
1436,0.4606390209915269,0.15547235278554145,4.461676173587764,1.6561862965242464,1.048093643636722,0.00274575824525488,44.72777816324819,0.23166935131470456
1438,0.5769849374983775,0.1924914031464568,5.405608307025347,2.0283761929100637,0.5471434746279032,0.00276078819286741,44.249502886765256,0.4457249245068709
1462,0.3022727095512444,0.2343009703019595,6.102546784161438,1.9270520016285475,0.2816856734032532,0.00301491550120565,46.31495400795793,0.3478450600200166
1475,0.4379851653038197,0.19740502266782567,6.126341586785946,1.8019599711244123,0.8311461392992352,0.0028355213173746,43.67395383772324,0.32429056403086387
1480,0.7579127524200704,0.20604349030312152,6.71555916784512,1.744403236661462,1.4790306321810631,0.00334484495268977,47.1517066995439,0.559362878127081
1491,0.8160650449557989,0.22564569481052263,4.646053381547365,2.469139189181562,0.5373682023859627,0.00273332369156556,47.97926335676686,0.9836435404593068
1509,0.3768332192748195,0.2324245112766085,3.9508336279195504,1.9243335129348007,0.6103203114929063,0.00249680853444054,45.143222067274,0.3918791201242198
1510,0.3558953647626273,0.20892098588475683,4.008605839888391,1.729183878484099,0.6913897356972993,0.00275245596595949,46.138293398219176,0.2912900230948067
1517,0.33513386962971814,0.08580373622023423,3.844747858415567,2.1041130745470475,0.3467395083815944,0.0021894357035989,43.52068721211825,0.14124081900587368
1530,0.6094349801216901,0.1973456222722539,11.190211698457746,1.301672200244817,1.193981923857359,0.00314108518349966,43.25738770477969,0.31159298685115006
1534,0.56912095071133,0.18389859520804797,6.157039383008067,1.6211291507418992,0.5409069651996055,0.00274402988973501,43.56467302983317,0.3316466748401192
1542,0.43268126936023654,0.23181171547972673,4.366751063225815,1.8893837321445104,0.6418126857181574,0.00310069786869319,45.81638976582472,0.42230914440057565
1545,0.7401185342880956,0.11439226436577932,7.973219156214238,1.8063157459666557,1.172500839931419,0.00328279845675501,43.4326156147031,0.29475258334495774
1546,0.44203719626039895,0.15458357707199755,5.779864615872695,1.4375754449916316,0.8682100608503949,0.00302463903970576,43.703277933287936,0.19356814214800175
1559,0.3819337319609065,0.26785705697224665,5.6046489185752915,2.0770891920722807,0.3980970736279291,0.00248412150077756,47.56829047665288,0.531472934298216
1581,0.7453117917912906,0.12526150475409037,7.869109930802352,2.0755851180236515,1.116114964498087,0.00276582572059313,45.87619211915317,0.3700689059852355
1598,0.7074406782825222,0.07256223423846532,7.597867606444346,2.0548766110551773,0.7846488349929845,0.00302012588887241,44.89440924280392,0.231870699720489
1601,0.5084287735633621,0.10349722975792634,5.785090386867209,1.9797140704231937,0.3666176771684157,0.00312563403524938,45.34572867915998,0.20504895960646272
1610,0.6279120945713086,0.16624886651529036,6.408506272705296,2.2791713280085526,0.2318767515114567,0.00262976958129835,45.26944294905159,0.45376244430795887
1628,0.9975954693997864,0.07972964536630121,8.374151538365657,2.7265358530766473,1.0514904579056914,0.00253890080111086,46.63662385577205,0.5013828713341483
1632,0.3808720543401687,0.16194691699812924,5.31660330758065,1.704646727372578,0.24250653468909805,0.00266088642838561,44.379641628748395,0.21751795605961852
1658,0.394624675936882,0.15543875369425514,5.261481102267788,1.663244628330299,0.27608099107282763,0.0029816488130528,43.51950271708676,0.2075891772683988
1682,0.3832849566848726,0.22113113339905785,5.905370407785224,1.756147093716599,0.3699824989175009,0.0027629143704462,47.16019979979384,0.3363244356027874
1711,0.3818542431931997,0.25839347771229026,7.192551004478176,1.515228909013569,0.6374556068553328,0.00281699913858701,44.894994127581995,0.366080605995922
1712,0.4090547597095734,0.17651819585415263,9.796629569326685,1.8345301546157835,0.2375602217302636,0.00262888779084697,46.06980496889526,0.27228404334334605
1716,0.7218081518973103,0.12819899595586273,6.651872207730987,1.5907479689467472,1.3736905498742151,0.0034059231027845,43.24461963982194,0.2794523676865941
1719,0.525518763961778,0.13312185713461366,5.5592462171110295,2.3249706796543377,0.22058462515641733,0.00322634019208024,47.80290981663198,0.30872912898295335
1740,0.6021011737331423,0.1515406391266617,5.132178321792133,1.8554470379274055,1.1119838886367042,0.00232185239275822,43.4455666455728,0.3192323397286364
1745,0.3071950591278506,0.26658599372788255,6.071376776044444,1.9313106673041556,0.24566060107588128,0.00242924049001845,45.072331077211494,0.4294934385042665
1787,0.391181019437874,0.2279679266325722,5.436853815754412,1.6089315169077718,1.009679744750201,0.00273097937958806,45.426071902687184,0.3265271699624556
1807,0.8911496488797557,0.1006573824067697,6.739303977295753,2.537115499178318,0.8420257804730857,0.00264639577360787,44.84079662756336,0.46906702469761774
1810,0.999352963766375,0.08554513744121067,5.168789436108706,2.523844651639231,1.0318657365156585,0.00239795050776387,43.93999487366597,0.48652347741148216
1826,0.4926765581403906,0.11140733875348428,5.081198320328949,2.242259883050756,0.37902331914642273,0.0026795240720562,43.032167494191015,0.24001361402289764
1837,0.8181706556351411,0.1367775590580791,6.275612621959763,2.162640789897385,1.3954637856701777,0.00237028226626011,44.55149289703848,0.46886016200234915
1883,0.5054397837548488,0.1661378625033947,2.6763873354148324,2.306620547723824,0.3824444919804671,0.00272486835458005,46.99953566898417,0.3753091211242564
1894,0.6564126282581524,0.21627717323197476,7.296143867312878,2.211883554225442,0.3321110658871847,0.00234869741890434,46.76579872345847,0.6474262797852036
1906,0.4406866433100215,0.25406712087769023,4.0820623588994724,2.0794722257350404,0.420521429738361,0.00251508524202474,46.48861801847502,0.5417871154942752
1919,0.5668269075772845,0.1799499611508101,6.588611797329733,1.5243597541929197,0.6983769685864012,0.00330051653148445,43.747668915280045,0.3023475232038983
1947,0.6599247252466429,0.19159137777005283,6.697294707054788,2.151407104099215,0.9537188438803446,0.00225555535313494,46.792474326491394,0.5370996612456735
1963,0.6119314148281079,0.14068354037539102,6.542809641588179,2.10556714916617,0.8490448205137981,0.00259911026188601,43.2188116332758,0.340391563332103
1966,0.6660417888564489,0.14319472834462066,4.064063213259198,2.274437378720772,0.7093149531628014,0.00263798310845239,43.903256626147666,0.4083117822298342
1991,0.5811424676672435,0.09474479658785082,5.832598235578184,1.7756111093956295,1.3110289831152475,0.00247530762643286,43.37083595141765,0.19411922411507185
2016,0.43885100535747734,0.0838713558631988,2.9182910833208124,1.7851172241115685,0.31692852473627287,0.00370423356770891,43.263347676759146,0.1415395389409674
2020,0.6776113635272454,0.12403000873806498,8.132236814070803,2.193471054926425,0.5398666737005688,0.00285193268846329,45.336295405357234,0.34866498138296986
2043,0.30877228354288416,0.11083609526988585,5.2198268673240875,1.8667803357023425,0.459299871740205,0.00274875964567074,43.30770417997395,0.14448033767374455
2063,0.7076765180875448,0.18571718175561985,7.429002869129871,2.2622472611677873,0.6762166186595671,0.00250608828799466,46.050321798717015,0.5850132807287409
2075,0.820822265741384,0.1378206759457069,5.708168069244547,2.0908467611398036,0.883389554166454,0.0025799938077321,44.26848695709323,0.45857706433054735
2092,0.5150318873380317,0.14277136336839755,4.96875237188654,2.1274010607037774,0.3619309466457547,0.00355388321904724,43.339038600572856,0.29776754591548193
2099,0.6447133253364019,0.10932699462676149,6.779088687425767,2.2464822752078475,0.4461040136507167,0.00275238531801893,44.77382007529366,0.30380533954022526
2111,0.6853219335055113,0.15275345030495857,4.695312669644284,2.1021234428130047,0.3786931332182532,0.00335821658503764,44.60983945559299,0.4167196474335285
2113,0.4747776762042889,0.10965767919832532,5.487561679009035,1.96412948230433,0.3022683943083583,0.00282234976961441,46.0739681264164,0.20132644072161857
2120,0.7561835457188182,0.13634855654425532,6.756338010677134,1.7770898336168754,1.208722620424714,0.00262655812254987,43.54683716825726,0.34946963742662357
2123,0.9807238568044052,0.14129024604743268,8.425450609290696,2.692997470089044,0.6015455723304528,0.00207619263490257,47.04100298542195,0.7660787310062205
2134,0.3676131815257209,0.2331388222580174,7.304249332857853,1.8484289847343736,0.41796279982557466,0.00330825942930114,45.1964966208021,0.3720624186065959
2137,0.3611814211028206,0.19230222683363635,4.2850097466860815,1.9292285093570196,0.5831124893826615,0.00294430275676056,46.10193664083035,0.2934502864683003
2151,0.4007001590411575,0.1415456840236807,4.106955565676642,1.8213724695963136,0.27785058945236524,0.00279747954693861,45.09801074603678,0.20792708383173217
2155,0.6154441141529114,0.23758668790535495,5.4852667999354425,1.8624778203505097,0.359804040566169,0.00307097093147642,45.76305192108109,0.5855846109961778
2175,0.6104114380037513,0.16674072169152593,4.590033726747687,2.083926053908296,0.8860756636540412,0.00217543281617098,43.58760653205016,0.40474896125515913
2207,0.35903625295159214,0.19372746882540332,3.4407196231862924,1.7453609691053904,0.6644389017054266,0.00338287202541928,45.88786028639148,0.26704688021156614
2212,0.3583094942748623,0.22817059710437704,6.555500521906451,1.8180987603548344,0.312748054199302,0.00272067770930815,44.77118613862454,0.3487373257461281
2231,0.6140074927017369,0.10350773844890256,4.219825562397161,2.3159248399389045,0.5430043055415866,0.00301639034391519,44.76398801325784,0.2853728242336488
2249,0.6570271266797885,0.08814412415492309,4.736805179856658,2.299611962148056,0.2505003858848242,0.00318344409989612,44.438301500948185,0.2701770645211211
2291,0.4717814467279259,0.07854237535923991,9.446806570909372,2.0154892317001907,0.43230786154770107,0.00277611737792277,44.02178054398926,0.16225674542651156
2316,0.39317953738654576,0.2144663382731339,5.4658132237948545,1.7254751898247422,0.3065127591349665,0.00327800543947707,45.61148877326966,0.32189016635956813
2323,0.628216756920658,0.19659594211961373,5.940373736928801,1.7511680887635472,0.8460832657538551,0.00321024936845145,45.020781281343005,0.4298989248163057
2328,0.5628099730345639,0.23188311416193025,7.685197311186708,1.5959898463709234,0.595308832219305,0.0032038063677411,44.306105898764834,0.4441808234517423
2332,0.3668659342776551,0.22493833750734335,4.933876903218524,1.8250561719408536,0.8728099518886987,0.00238600401417622,45.4462924511691,0.3480702351203986
2337,0.557582686133459,0.11852986816830428,6.687785059567104,1.8853215118916653,1.2496196115182254,0.00227672964934728,43.10856276145285,0.23709250489104536
2345,0.30183125682895734,0.14357445168307748,4.271896878569184,1.5146948423590911,1.0475855395498366,0.00290225335603922,44.82530798147192,0.1472931699345895
2348,0.41800348720609326,0.226964296798214,7.327528132720431,1.853453011178426,0.8337363936780764,0.00264193004840892,46.34138179251615,0.3915597705608942
2349,0.9901330527018052,0.09619722255098748,5.663887786348746,2.7654891266396353,1.3437216036285673,0.00277281912899134,45.78171611426271,0.5706451014179456
2350,0.4652504595879323,0.22455953746563367,5.243369414826583,2.0230889503167595,0.316158168768404,0.00257298149671077,45.21730605272045,0.4563318096952185
2360,0.6381763124375098,0.08885310887781088,5.967763705300651,2.317015097631021,0.24380886437767332,0.00481794752879695,44.568890280888006,0.2655886232465333
2370,0.31051525702872096,0.1262551889244777,7.50949256515235,1.715934287010966,0.3843692980010522,0.00272303541936088,43.04607272604884,0.1493760673866222
2388,0.35333612348641874,0.27885011713573865,3.314846142954312,1.6521225752413893,0.37716922445795864,0.00326436121106662,45.98343549417219,0.4290939598473863
2391,0.8566215353213109,0.09885981942359744,7.501093763328222,3.055938543587567,0.6638018544309912,0.00250689648618549,45.172148451469255,0.5295739061165404
2436,0.8786660625764744,0.1537516512487006,7.798770800409071,1.8275002407097265,1.2633227583626787,0.00279809833660682,45.24172683952835,0.4901030350710333
2444,0.5013091285361224,0.1307823416137195,5.4791101241493285,1.7400425853031174,0.8869212581751491,0.0027793386410772,44.15958423528293,0.21812500591514872
2450,0.3709861494689496,0.214675196671905,2.273438901402661,1.8229194727349507,0.7465088595670373,0.0029528130888629,44.97792967473204,0.32755348394009876
2466,0.721611709790521,0.18111756831327608,3.674194995831905,2.3967482373779965,0.44882362029751455,0.00266912118972513,47.91339167991417,0.6137150810049787
2497,0.5529031200886267,0.11385850249358533,6.467141169232776,1.65914780566273,1.2580044899750145,0.00226689826689149,44.641070417582704,0.19997403566175947
2502,0.4189075863251692,0.14411284017415016,7.006258805950914,1.9219945256369888,0.5734577191985926,0.00229954638000423,44.360736590652486,0.23069450847659825
2511,0.483929425200534,0.1725668543635984,7.29828125700955,1.7430427290110777,0.7048198447083727,0.00319132031854309,43.26610302005563,0.2861155638157683
2528,0.43775693165998675,0.2915516366735993,5.258111575426227,1.8285998041934888,0.7495920119000723,0.00234062462975162,47.186152232417115,0.5923203498426138
2531,0.659256095903369,0.11567955537655313,5.428312344729574,1.915561022063091,0.8746318352726405,0.00250164329591395,44.37630513422333,0.2780081267983347
2591,0.7981246961643811,0.14781943884811868,6.5723756236613795,1.9131941488249948,1.4888579937007025,0.00333521804124081,45.41760703412612,0.43585023131923223
2630,0.5038244743263393,0.1473405987466666,6.450251803662182,2.0542203665588263,0.4585399145358817,0.00272484687402631,46.575848213271456,0.29163166176269434
2633,0.49762156104867206,0.11285333988161486,6.50189771852687,1.8977552411617795,0.2704254486955899,0.00279801937190876,44.62303732836761,0.2070597862707257
2646,0.3921517147781669,0.23949514022402968,5.555592042079195,1.7929262089670732,0.5111839514741006,0.00358796684832375,47.751413288985205,0.3922424332695112
2653,0.3980237201633092,0.16199730586629402,5.117400472657494,1.3978091565807154,1.2340024410153092,0.00321968597408012,44.4867691008711,0.18385453940623264
2654,0.7345342502404473,0.21203040551155572,4.432397044797046,2.2021646612680104,0.39769435995200986,0.00331913764477977,45.70793654816822,0.7086596014801593
2710,0.7578089597387002,0.115138094309374,3.321371234338631,2.9888631044603784,0.5644750049520482,0.00259557903380541,45.29366038497574,0.5040030371294095
2713,0.6175850555224235,0.11718073458393918,4.914715369144942,1.6744237428238895,1.2649085800623403,0.00279222122838168,44.2927474255161,0.22988091624943988
2716,0.30852220382747947,0.3255196909316078,5.337073025916477,1.7647820795485594,0.7906311898403344,0.00252587003531653,47.32943230698107,0.5498882703956168
2721,0.33172792655543015,0.18334911000069504,7.593030209958552,1.8494852333191945,0.5233510054742168,0.0024757489287557,44.21054818809946,0.2511690188111798
2733,0.5085769154244841,0.28953382704668135,6.148352475408179,1.895111673128864,0.53818368596496,0.0026332967212581,47.601775617279635,0.6842212248058025
2765,0.6228114451308924,0.08824620818463735,5.689783833979682,2.2925214898245896,0.3700270756591963,0.00325218523464264,45.55506886494164,0.2551927659347843
2779,0.7814790227596196,0.1369497225999774,7.583385686203214,1.6275087615491026,1.0685185314984686,0.00247131129753664,43.99510569075865,0.3341618423011526
2796,0.8699135555531459,0.20112414095998005,5.224279360540119,3.223405404524141,0.5878207007720231,0.00373058377863003,47.32626878241448,1.184537269870238
2828,0.44426549387588166,0.24659984064228097,6.271327338189207,1.865131822291194,0.8437423675119644,0.00274699859296105,46.71402001003611,0.4668482129489054
2829,0.4676646233414238,0.24094602423425143,7.435288001045444,1.515084751344009,0.5585680844833638,0.0033720690887496,43.42944263117199,0.38095058694696865
2840,0.8284636205798086,0.11564456313964716,5.111657116817477,2.863696923329053,0.6718719765352966,0.00214592275989185,45.88006179364067,0.539681222871483
2867,0.3898579647392416,0.07503314324097203,5.523077018038025,1.4148913703482475,1.1102968858494098,0.00325447066167237,43.78137441082173,0.09628036456648714
2868,0.428924319817849,0.1268548283548075,2.8617045759745703,2.1077171277798805,0.45718723265798766,0.0024320008028479,46.17310014335155,0.22697107296031335
2888,1.0531308692710757,0.09869216712381652,6.566717220448154,2.5403849068244937,1.0330467215389303,0.00236883284074802,44.29018276329618,0.5840348336817369
2918,0.5603217453620473,0.19745548734940044,3.430025288667496,1.9929577325498824,0.43113199988001216,0.00235325669891402,44.109536871458694,0.4406775578695093
2944,0.5724681616573587,0.15453928760958952,3.2206189684300144,2.241664889883067,0.5119050852228153,0.00248065694257983,43.42955394848861,0.3754581101061028
2962,0.32540495085271615,0.23030997565202027,4.760636036467392,1.9169170162567453,0.43675825785764033,0.00257903557980217,47.7914764041884,0.35160750683136355
2971,0.5985405051229415,0.2497471382545268,6.26758649887132,2.047783219216242,0.8291716585805138,0.00242728742804592,46.615420633053944,0.676036967733922
3003,0.4020338203599276,0.23438243701711764,5.6688697163737585,1.5816709532715834,1.0592696996706428,0.00279759969535403,45.05890837619576,0.34081763695003914
3004,0.3411683297362615,0.25337570496875367,3.0254216467166577,1.666837460795395,0.5376386192806036,0.00301651293676867,45.58579603167913,0.3634651042048489
3016,0.4517598289849531,0.15481938817344296,5.066669173351223,2.120056568596733,0.3383908569442414,0.00267055690955952,44.182414313100054,0.2907420546193644
3047,0.7528432979765486,0.16250655741392983,5.5787266761478955,2.1850706085696667,0.9587666620704418,0.00319232616934852,44.98214181613508,0.5157285299601752
3052,0.39321599623840375,0.1932598469969564,7.871357467429408,1.738068853102409,0.4381312505282593,0.00265416496682646,46.5912757421644,0.2814782621528593
3096,0.6357602383632649,0.1335998809770817,5.0630109628029185,2.038898409704657,0.9000736885297862,0.00285173565217009,44.04169768959262,0.3252911721373962
3107,0.3933500817613349,0.1615840382791745,3.9883687670057224,1.5637676108426528,0.9101320371448856,0.00342152272353445,44.87470023678503,0.20341958587478431
3109,0.5346666172142348,0.17827585381310396,4.377631007069033,2.091177489681656,0.2927225838322375,0.00287918647523956,45.443454548707194,0.3888091952436473
3125,0.5274867435622392,0.1534415472441974,6.463113395236711,2.009313265021395,0.7801130745686664,0.00280924983376665,45.655859233876434,0.31002003432702696
3126,0.46977252490908106,0.16574538326711818,4.057688076826448,2.226343537862628,0.5060348247859701,0.00241256086383491,47.29169978030717,0.34015123170821027
3128,0.4726722412005001,0.2893115654743703,4.83262475191648,2.483613991694442,0.5293717606494917,0.00293896042886928,47.66145641443105,0.8429643135167498
3134,0.7493436700316845,0.15704182046942877,6.464476104204076,2.103437169852054,0.8446463836702818,0.0027305356751371,44.69600149122659,0.4750384992583139
3147,0.7247301127051617,0.10754947593991722,3.8324732232944654,2.260164169113835,0.7802875357637793,0.00320537997311238,45.459213017692306,0.34214567720235894
3154,0.4068690177154134,0.2413577092250576,3.6187715128780846,1.9069952016930467,0.5069701593386562,0.00283319698970983,45.04830354672624,0.4330714206659757
3173,0.45340214211979546,0.1442074068988635,3.1626581679022157,1.7273198499478546,0.4729493152059295,0.0033391625520154,43.33845284689557,0.2201368711086056
3188,0.483958947311408,0.14721696096265224,7.539938930073724,2.1013511550010033,0.34510608094940837,0.0034051203785968,43.08024717453016,0.2882544835678822
3206,1.0563700039615498,0.12438007797918788,7.897191745356129,2.397643485623475,0.8461893770998585,0.0041958145285573,44.65415994976247,0.6709453238653624
3230,0.6977831034740756,0.1623975881134121,5.6320317591070275,2.286198450577963,0.5327042741456274,0.00249826021139312,43.72169705538774,0.494950636735803
3242,0.6004157727130707,0.14153530967376426,5.93714187178811,2.1500343816014915,0.647382359649658,0.00246199395473685,43.958567134321235,0.3432722113111522
3263,0.495603351885447,0.19337771480986263,5.480954782948816,1.794232957472536,0.2557733778913542,0.00297252022289018,44.8650569113603,0.34656348544721777
3297,0.5988478762277161,0.2579861040231209,6.043285257388516,1.85362155480486,1.178576614357315,0.00281786613395664,47.50677631470564,0.6440735072284439
3324,0.9778322864177996,0.09543362492582916,6.0702454379693735,2.0881515214915853,1.0184214914971752,0.00287427439887219,43.49165138686905,0.42091204387311154
3329,0.46176299815275046,0.1867253184565304,6.5533014054364385,1.4266628269187454,1.0661501310020227,0.00226230415116478,44.034294975686464,0.24870553635744505
3355,0.35311034990054974,0.18072653660619203,6.559889446463103,1.299275569832985,1.3325936485991798,0.00289466675182266,45.09193145006349,0.17999911371492516
3358,0.3864648393930929,0.2275304079995374,4.033828918895772,1.6907893515898895,0.8452455038948357,0.00310531673483798,45.21992837594189,0.3393681560727844
3377,0.4998353243686222,0.15514204801317732,6.289362834112303,1.898977636482402,0.7079695341425642,0.00325449740432119,44.94337716014736,0.28317357017552447
3396,0.6683958106070365,0.13917916725546237,5.987220966088371,1.617409644282977,0.8810490098323571,0.0034063484282241,44.007994212196024,0.28309192326915417
3421,0.6312844067288846,0.23717670926230497,6.517557740959953,2.085799765631305,0.9583735398452148,0.00310249616047441,47.38669032856146,0.6709883778140973
3495,0.4516286379077177,0.1062953711932952,5.875516113433928,1.9760092507284237,0.6641258572192579,0.00273354116539892,43.77891096306823,0.18987005287118272
3509,0.31996841554674754,0.20683397624085575,8.298677138191145,1.5389467291339889,0.24247183896349528,0.00267580092676621,43.81295431821603,0.23985033671803957
3554,0.7166781199400513,0.1183499476841321,7.206147143934102,1.8704837727526296,1.236839809752602,0.00300960689692711,44.98024354721081,0.303106800725062
3594,0.8612385882456173,0.07265926725806397,5.2289303527060635,2.0895680877098,1.2651689151996486,0.00265477766836159,44.58315227603252,0.2983243431989974
3606,0.9576631007249016,0.12069363034226505,7.466330064205167,2.5131115937299575,0.9981172329440278,0.00247344658617929,47.03680423106285,0.5947343163696142
3635,0.483542296969119,0.1124044782105775,3.874860580111538,1.9388935653692587,0.3768767382224302,0.00301755326299242,45.64919842172647,0.2058961675421876
3637,0.9396158939879768,0.15087467612876984,11.359987830398714,1.943990351292004,1.403411582528436,0.00242570540333071,44.90478225994684,0.5584265056159918
3641,0.5297122387434825,0.25054479769411653,7.449735775760899,1.7725483099530273,0.7179639738381949,0.00252950582760056,46.47914636057758,0.5252042343280553
3643,0.4008553822680751,0.2594771807596805,4.882128763786383,1.627097461114976,0.43491872223303585,0.00295960576616122,45.33052976807004,0.4090587540176979
3687,0.5339489419778662,0.22430053740927447,5.330147563822249,1.93356325870711,0.6632419774210634,0.0023168441358156,45.86159591153173,0.4886799054253658
3711,0.4793407723188971,0.24384575525451024,5.875710048526461,1.8154371184262077,0.3665569471336603,0.00256236105899966,43.81867209749729,0.4741477184915437
3723,0.7155684653115615,0.08397774707578937,6.120781913377144,2.063417109537499,0.739226542826114,0.00353913481933064,43.19883199123174,0.25749777326080603
3736,0.8293614888665335,0.15553330581581104,6.776661149770686,1.8972712698093956,0.8593484034466499,0.00241934481399367,44.003016718097754,0.47880646701470025
3760,0.5762751714904436,0.17961542678605377,3.2494512409097904,2.0078586298294288,0.3144490435750173,0.00388075825965363,46.27146168068553,0.40352617842418614
3761,0.7498519296589092,0.06779760778713584,3.4497626740618195,2.5306438623137746,0.29638985962771114,0.00344055551337619,43.46452127708548,0.293923957299498
3776,0.398992094252312,0.25785971447818834,6.438096209291108,1.6195849066229289,0.5465063195093798,0.0025321305642534,45.55688914530525,0.4018677047251578
3779,0.41394070325547033,0.20691580047832103,5.7601631312765535,1.680400178713341,0.6463347571369333,0.00250668373644981,45.40190276371515,0.3091902939241488
3824,0.5825381292356302,0.12711593756391473,6.954397096584684,1.5534140433566692,1.248836223096142,0.00338567911908545,45.19263366527528,0.2168409222137728
3867,0.5308631175043803,0.18557310931194415,5.867353336983783,1.5779760161911391,1.017995780082111,0.00430164009349029,44.949745286376455,0.30656216812596104
3886,0.4413854407540337,0.2097920728352367,5.26288707320006,1.995657542772099,0.5441010012890257,0.00232290138921737,47.17306557485841,0.392390032960046
3898,0.43675303931054654,0.1940604070554895,6.8353674734744825,1.5925543307794432,0.4263699540907022,0.00282480428402281,44.482651813373195,0.2796125255439091
3900,0.4995754352435804,0.09320772490011296,4.888866084798544,1.598179429550151,1.0269518140081395,0.00335732731604549,44.26961346132059,0.15086810537643405
3920,0.5482996705025522,0.15000032410605732,4.9719294131478184,1.389524930254132,1.1430445021464126,0.00314045338574944,43.39887928701548,0.21652094437594704
3953,0.43400111855869983,0.1271882827386745,3.2663733071229126,2.215555719306703,0.2440463477384205,0.0027502450425228,44.24825109979844,0.24126852846051255
3976,0.650017797761807,0.13411087308717157,5.1721991478708205,2.361869388774187,0.2892246771416831,0.00341731692904375,43.22982008670933,0.3869467222020741
4003,0.4631025794411001,0.20816914418433252,5.975638806463811,2.4321913448108976,0.423888926016492,0.00250085935285278,45.87443305473258,0.4909928571940844
4011,0.6065895764531306,0.1642398402583572,6.494040093766565,1.952535516651006,0.7784981509575561,0.00382852212799735,44.850202926437085,0.3703205319843631
4037,0.5821576653853139,0.21333112347527056,7.880303753671463,1.8570297546997996,1.00880978184638,0.00285839649129848,46.40273281991339,0.4730192272276875
4040,0.7464140330273414,0.14614879971057332,7.1842856820280305,2.4742847779748685,0.3192072735719805,0.00282042557197892,44.17695823505077,0.514559518311125
4050,0.3295679790485039,0.14689403050119873,5.1197467556542415,1.4287262187221357,1.1752184699748178,0.00302781702052182,43.233522202949246,0.1495539012275064
4057,0.8517369734899751,0.16542876629499953,5.185313666548786,2.3222955213623067,0.4205047773997067,0.00250590283250175,45.14984642920055,0.6500006017122573
4058,0.5183585974407171,0.07377290885407128,4.200688657411927,2.255846628510272,0.2178324523664873,0.00304422567111312,47.765131153791806,0.18931145338317304
4090,0.40769786859325247,0.20900270562413692,7.305000325846105,1.4659103894802514,1.0676718643880765,0.00241246557635655,44.95745528550211,0.27053973822392724
4121,0.417293864411888,0.2654761965788649,3.6670594573874618,2.3543705293869013,0.503479990589089,0.00298639489386453,47.43902185530951,0.6315572039439199
4123,0.5433203829943916,0.189036768981502,5.482713534440871,1.79816625352962,0.5561633948798357,0.00267461295844923,43.47758391902971,0.3651719420501909
4173,0.7276962900714581,0.11559995406023033,4.951216164116491,2.1711583463250617,0.5812423240348231,0.00379127858710792,45.88804248151427,0.35067132005369434
4189,0.5295850155340329,0.17332762609029306,5.322562647399341,1.9256646952254592,0.2913290743644102,0.0033941488100485,47.521946020326325,0.3430404513055515
4206,0.6223521736829792,0.13726662207294332,4.192344752027429,3.13001394829675,0.252302342200977,0.002442598167684,46.447572519487984,0.5019718993505919
4218,0.8660318894855157,0.2112141873197591,7.745473848330683,1.847123977788164,1.467998295717586,0.0027816060326524,47.60590832673974,0.7217168840943979
4220,0.3168288821265818,0.18149074301409224,6.942425203876813,1.4378280744171117,0.9270528104410748,0.00300000094378874,43.79129149583929,0.18771710942630013
4223,0.6359813469900044,0.1715374260348753,8.958017466516694,2.03478235370856,0.7315331283438988,0.00230734597792056,46.7772472372069,0.4258709830329158
4245,0.34847404610403315,0.11059667273105006,5.746663446628038,1.97799533329049,0.3030800453992175,0.00235474686333732,45.81453405716264,0.1640350105959545
4249,0.590015494234845,0.19821214560454048,6.439840517135619,2.2726315065272873,0.38344198097077387,0.00281281254192812,44.70061243511424,0.530231361049128
4280,0.38586966990146354,0.2622745600614774,4.065262084830484,1.6791655991419052,0.29586996439695795,0.00321635669346449,47.13252030544947,0.4183058659990343
4284,0.7602544642343796,0.1935497897775902,7.036099964499097,1.9662593235942416,1.3316260507056228,0.00292700545100084,47.69569672411548,0.5818751164884757
4313,0.4693826763060799,0.193048295182174,5.834040991689162,1.7310688349780554,0.8925929845153135,0.00293944261425021,44.98099555753914,0.319154784279969
4315,0.35410937136781356,0.18607705536492092,7.138826331715747,1.8467075332312464,0.2721396111034861,0.00272779692360791,47.54507581016976,0.2658877794741713
4319,0.7824631337327925,0.10377803138939198,6.462997611924025,1.8870823027997592,1.1147297097615032,0.00305211601749639,43.970444506366945,0.30350065137692817
4327,0.3519740952930675,0.14021721516124863,10.092640941994391,1.8160604580511992,0.26826887205581296,0.0030429466515095,46.352118590374374,0.18850661264654897
4344,0.3646389006603309,0.22839632957223027,8.17740363528284,1.580237270943783,0.9112274723369976,0.00241906866426408,43.36996996026745,0.30696037559451295
4361,0.5788585215356826,0.06886112433262363,4.5058292619861176,2.134359235264172,0.21424393262928065,0.00367018567667791,43.41598813603974,0.1905417985812373
4382,0.6890503914137007,0.1956173512118422,4.627627484749507,2.226109638340284,0.553502654152461,0.00306499852097038,44.71622223888848,0.5980314314858758
4391,0.30673243525496324,0.27403256993350805,4.5400215782189335,1.9501999063197768,0.4692073930881714,0.00279975359807987,45.93902248047609,0.4530363066981942
4393,0.6649174838041825,0.1175481041906188,6.360769646781295,2.207533560755094,0.22001661718361357,0.00261369611020154,45.211111001356656,0.32780002294050486
4410,0.4870455990694896,0.18521865507712937,8.206969207632127,2.1814533831885283,0.31097135307784923,0.00247237890676581,47.78168097403111,0.39286420777131736
4414,0.3871412533697766,0.22099492326560233,3.721208768952605,1.6988060207963314,0.2159133750790359,0.00344485188395774,45.106063967870725,0.3272552523287031
4418,0.5951610639480256,0.16609047073706168,6.16045367984116,1.6735032991909693,1.286075101105145,0.00261866616825591,45.02694377345746,0.3156543017236574
4425,0.9148328606487364,0.1808281016518032,6.658262634124406,2.6874852261658595,0.4474587098677862,0.00254864952138101,47.262825366960314,0.9191548072562206
4428,0.5530952045641726,0.12514773423010872,4.735720915357247,2.2185691701422137,0.4040702649217005,0.00284058698197623,45.29230980182648,0.2908409625455239
4457,0.6650789466557461,0.22696728625262236,6.059545294870817,2.1830814375341907,0.43596559568891535,0.00219886987222887,47.06588438222745,0.6944212132751365
4462,0.4490491389053644,0.15899601852750445,6.116933919568409,1.4958073363349016,0.9461623835846936,0.00310998138278439,44.07337918888792,0.2103389644298466
4479,0.43868142318040737,0.2110752669489787,4.444631748922571,1.703462402580388,0.5804122473655029,0.00256529728809464,44.47190814403235,0.3362262436857528
4484,0.61152445423778,0.09042329472776035,4.9299780926065475,1.9482218349994775,1.0012724566841842,0.00245921384396163,43.32471834730637,0.2165240410234277
4500,0.5007080414324854,0.15061960399451396,5.417575189138134,2.0391040371201226,0.5333524310217945,0.00292779121297089,46.708037931089386,0.2948334132812723
4516,0.6746952548784884,0.18214738258249125,4.502050706726696,2.3887088057783186,0.26124107770755145,0.00328701883567459,46.637457260690354,0.5722979939647022
4517,0.7703936652955948,0.08169075904878749,3.3753167533869997,3.170175380568068,0.3359411328859445,0.0030517570580447,46.30056389454701,0.42309830681754607
4530,0.7594656445910484,0.1866644749560898,6.61135404055071,2.377720327878269,0.8139300803113605,0.00297523728753078,46.01650557499721,0.6706109566289847
4559,0.5407089552384354,0.11575481629544326,4.850687575513759,1.9137410870896243,0.2568368992266289,0.00274916176198313,43.62358996670653,0.22927497254879295
4564,0.3715768802676943,0.2242111677388796,5.171603425965944,1.9016032566862149,0.6633168469784956,0.00240666443065296,47.12751592547902,0.3639728484559851
4587,0.6404518192479427,0.11959239617985634,2.2299902721838656,2.1877685075794844,0.5571056221991064,0.00241279293984783,45.14847372053016,0.31722328947623935
4615,0.8088013121943662,0.07778312677177018,7.24770796459228,2.0227884184502227,1.0571616146006155,0.00348285593355738,44.11490415435488,0.27773357728450654
4619,0.3157295495374179,0.17012930349422967,8.719296342403533,1.1296128408539268,1.4208858199471377,0.00296644542512236,43.16035282307104,0.13602706328792968
4697,0.5382353197686294,0.10354196142079695,5.847754044669468,2.0389883846770744,0.24443778260108157,0.00342698263285474,44.98368956085029,0.22201602988489416
4749,0.7562217361790535,0.10228239531610162,5.952633001108569,2.096541272831186,1.156306948844454,0.00286095014623,45.352731752462205,0.3202703271880772
4775,0.3460197396218537,0.13136928366250744,4.005786622294097,1.958675625222382,0.2766427997699895,0.00310056575247172,44.736311306616265,0.18861472641887592
4814,0.5900600857607925,0.17944776385106767,6.134194675565258,2.176061882672401,0.9636891344996352,0.00227493672618427,44.51191418193779,0.44676154549015074
4819,0.5514563169619371,0.17026031333824115,5.342944483314543,2.053857467834906,0.3966938462678023,0.00327625265930356,47.03603495487561,0.37133993437567697
4821,0.4633725611347112,0.23198345458354255,5.591484526659802,1.441996807220458,0.8204198456612293,0.00307975916812331,43.73461429108589,0.3400600855681241
4840,0.5408177132636465,0.110843951731311,7.495676118802057,2.4882731417435298,0.32911180730282213,0.00242849665462709,44.155039214192655,0.28743129678010004
4884,0.34459830889115617,0.2584574282269556,7.570622257236151,2.032841909584823,0.21535659700174656,0.00237001818834257,45.98649579827263,0.4600928699371076
4896,0.5257299167252633,0.2518049205295916,7.457347932283214,1.5709682179387794,1.0381478619267313,0.00298680010981473,45.56762922168841,0.4660182275731938
4919,0.5319551705275265,0.11893419148722316,2.923302363571841,2.830762173063474,0.3376995396897648,0.00248019368815108,46.20784681354282,0.3422420343919353
4930,0.6321013724919142,0.2082709830035378,8.028697646953258,1.9851034321433905,0.7579468457366609,0.00264039557798366,46.76238178200391,0.5301923405618081
4934,0.5867817329870093,0.2165789623533783,6.503482869687504,1.7424269192705475,0.822220393695491,0.00318954281390981,44.67177873410077,0.45681963046286367
4942,0.5027647911355674,0.1296036467392735,5.170675432232757,1.472053932317903,1.0541637619045048,0.00330975640022523,44.24797854082386,0.1833906631886718
4948,0.3348665509726899,0.1993822514959553,6.426166436515094,1.6432317360415571,0.6450749790569084,0.00246189829115389,45.24232268598858,0.25023640603710084
4950,0.7357895768341496,0.1943658368016127,8.882464982699155,2.2379090830918154,0.6539089134992159,0.00300567174683011,46.63887221918114,0.6412657755814614
4953,0.7795757136835155,0.14486036591240165,5.078946439812112,2.33312982257039,0.46004042424577274,0.00265629308434612,43.51744541394764,0.5058269521984919
4967,0.5421963092237707,0.2090881819957615,7.393090544628421,1.7307488014217671,1.0090866360517197,0.00309373774933166,45.43833556327914,0.4014275267323948
4970,0.6028657288658741,0.1801972127557053,9.209580827358758,1.661547230021555,0.7062890941010991,0.00282153805652357,44.45170031266327,0.350104210506164
4976,0.6623412749864063,0.1416889380367104,8.11141389481069,2.009361876190182,0.7701434675684913,0.00349040045810501,44.42367602234932,0.3547283811285232
4980,0.40978628290020497,0.2080420282393946,6.935880868734948,1.4882183594460665,1.0571103216888151,0.00236132929152085,44.020467541491705,0.27390454174301637
4983,0.6061183885541594,0.2055004032277502,7.165481083334699,2.231008063332282,0.34532187175769946,0.00332909810443928,46.09244875146353,0.5610130532201069
5000,0.637917238014493,0.1790836748213546,4.529298523160337,2.3443969542708207,0.3788627738014475,0.00243935854603329,47.66421944706213,0.5186793142130426
5015,0.3441551255262657,0.2934500273651036,3.548027111767616,1.6665232377341666,0.4780838774644908,0.00375065917104578,46.81230107760995,0.4634435130058816
5041,0.7081736457550367,0.13468744160358134,6.356854406596624,1.467722135599563,1.1808910347037287,0.00291192008638515,43.32620319444035,0.2646952609909437
5086,0.35711216111605354,0.18351263141678453,4.594870739544401,2.009208488361308,0.3226136772420738,0.00280701637223477,46.30913924045272,0.28575515614078034
5098,0.6626301182234067,0.12560040530654176,5.098979142452964,1.6182083217948884,1.3005233051872005,0.00298121944656211,44.38302564858768,0.25411839840608896
5101,0.6595667398294929,0.07691523589464874,5.371401092715482,2.293673361416914,0.38131241580593633,0.00310717746745903,44.06041326022496,0.2482146931479547
5139,0.33169187398830796,0.14268184156556185,6.107659835656417,1.189789831353433,1.2594029044740964,0.00333765274148222,43.211023841607314,0.121274399696891
5178,0.4487744463277715,0.20471407132663688,8.171115284006104,2.001521224988417,0.6750043171587502,0.0022818465198637,44.62002564430972,0.38534284196933094
5188,0.5595741015496776,0.1496622355556814,5.8715860066697205,1.5932160204491952,1.289707299901834,0.00342524590980907,44.00522729538385,0.25230552487864893
5196,0.5371335304254171,0.15269915971143638,5.818298110644614,1.6629423199364397,1.2821792207783524,0.00257126474074725,43.94836190895658,0.2593431858791033
5220,0.39105723922375946,0.09750134943861048,7.224304178125052,2.05109869755168,0.30030925854458185,0.00272913089514461,46.63001161520496,0.1661117832610194
5227,0.7697940702639047,0.12093912056125118,4.045588474351829,2.4519464083740985,0.6057793232671982,0.00298426208139794,44.77255505865923,0.4396804507803624
5237,0.30225013981387416,0.14403375748371083,3.1534578477547957,2.32991365223477,0.29691087151523754,0.002353713809798,45.55932566285599,0.22749166371245244
5239,0.4871006293964169,0.16812612504563296,4.26149505848846,1.7111154189137945,1.0773099368929688,0.00299574243163614,44.82193367746877,0.2737515446146621
5268,0.3516483184263572,0.19376107950173316,6.107023810805734,1.650589237975544,0.7344697486451457,0.00293608738313257,43.472153496796565,0.249325980849106
5291,0.36708158496108007,0.15363699986672727,6.504546054874436,1.7765283385432655,0.25622999953512626,0.00288763563988931,46.56238938774903,0.2085852689317508
5303,0.6468548969237851,0.23836515036317285,2.4885729914411847,2.863184348617037,0.6020746453309279,0.00253098835196934,46.68286999825504,0.9514359177031508
5326,0.3357950156776053,0.17213650590207544,6.380701377442597,2.168207321326346,0.2243519952551884,0.00250904034251831,47.142305247290565,0.2744434065131689
5336,0.5825986964317043,0.19352848651999768,5.39424832670146,1.7928777940617266,0.7882534336580314,0.00328452130942697,44.76346929803072,0.4004101222339431
5359,0.8853141065214161,0.07841033014071873,4.245048511418091,2.9165140598696473,0.5298369214461665,0.00286957556002356,43.88020716644205,0.4511094066168994
5361,0.5726868243986123,0.23929427990203256,7.454357609238039,1.466955885610357,1.2458523348844908,0.00224959408670746,45.49972938169929,0.4349245155032954
5373,0.5348183092816554,0.11011107360319,4.945921530731107,1.6805400479738846,1.2360911363570972,0.00292370893532669,43.001003093029865,0.19115416542769884
5378,0.4253678105882867,0.14273147445977277,6.832064384834191,1.7068446370389418,0.8072203367032242,0.00271370149973213,43.56629812471951,0.20511117610274665
5383,0.5906869462381397,0.14413315655371406,6.552263000213753,1.955715107704247,1.0057519264168346,0.00253062577623,44.903835730066454,0.31317725224391013
5387,0.7691093453112892,0.1764345901137606,7.459806777239513,1.9723733897810525,0.8602542068745802,0.00254424904625715,46.15338263888927,0.5261718947737652
5392,0.7339881808626975,0.1608205111206354,6.052299951193271,1.5832067164545414,1.3398004457800954,0.00311659440530627,44.433032569085626,0.3586450254936287
5400,0.6083764374111325,0.15580180509605368,6.489925541374329,1.952046649006813,0.7620817920217458,0.00337624851490064,45.11440997161917,0.34976039352725885
5410,0.3653690114753463,0.24697856197194196,8.092093022997812,1.358552642267134,0.794865472457368,0.00325484441359304,45.986757953694905,0.2971936631723738
5441,0.46066017215767713,0.2094578787392587,2.6231320366770863,2.273774426246894,0.531445364516179,0.00268726065732614,47.443282820662205,0.46102643964226325
5446,0.4561439023403753,0.18816834448073055,3.0188961300834287,1.7781185443479606,0.4079525021133704,0.00324747659894807,44.84392432602414,0.31006101559396193
5449,0.965896182731704,0.12108405472128848,8.304428401466755,2.3031958497676306,0.9728495337922076,0.0028655382846417,45.84858054727705,0.553160326963563
5479,0.4569575920765001,0.2334182969029391,5.0768842420623415,1.838061690091338,0.710389386908056,0.00211688723753404,45.5199986538244,0.4326928257182585
5490,0.39767719658159584,0.2850238892569071,2.927625996756123,1.9872543756880152,0.6321446139053333,0.00244195952862006,47.06178386387532,0.578402834409842
5502,0.93886746081253,0.1094605247281259,5.3396139418729085,2.2980034498864157,1.2007204997968115,0.00293839521272797,44.34837140937165,0.4867530575035056
5504,0.482386253131428,0.18482702292647837,5.898716900903813,1.315104944031307,1.3879676920795,0.00271822711245706,43.40329303495411,0.23435462823918268
5509,0.570335320751016,0.17139451149141532,3.8566238220886127,2.2490609410380715,0.5047603368060154,0.00264113368081288,44.43159747008882,0.4227917595514658
5526,0.7463614999901251,0.14189460968704856,4.899384857746495,2.081183117734375,0.3911982535804724,0.00348327983875467,44.17866967697333,0.4196842503483213
5537,0.6943211715840196,0.0995429965856194,6.0772709261189535,2.3647052432389364,1.0060328105350616,0.00241551102790323,45.7988140823413,0.3213746556707745
5542,0.44690974491122903,0.2709946832559925,9.685568240285694,1.451185559910657,0.5654945403831386,0.00362458764811846,44.729295466256445,0.42340548814428824
5595,0.33872709272489665,0.24164264737583385,7.04016351953045,1.6105042385540955,0.8070845417494383,0.00285653915445456,47.14839018844526,0.32505024058519305
5596,0.7128055057726392,0.10510949159777376,3.852417843035032,2.581839109945711,0.43348742656111794,0.00334888943159977,45.74119358663887,0.3766774185019362
5608,0.504883064807289,0.23011255447132667,4.766807594201688,1.7245766616594107,0.8505617518917898,0.00254519800864069,44.94663850828783,0.43105361149092303
5612,0.6377273171623604,0.1977108888703981,4.074817705235961,2.2907735400047,0.3317761503334783,0.00287328937866163,47.931635658119376,0.5753186442274457
5615,0.5730800920973473,0.21196101226510167,2.089731737238284,2.055069334885832,0.5742263147053244,0.00270963803420025,46.61886461594066,0.511120149512952
5636,0.383161988283908,0.23852249601801156,3.3442487146737343,1.75966088440723,0.6994675279862633,0.00251959402136907,44.89362584165811,0.3766442025953106
5650,0.9457805338009392,0.11032524185680669,6.1022462195623515,2.572231682769869,0.6829173174995217,0.00297954546941334,43.72174146072251,0.5539020699529905
5657,0.6904382762013749,0.1281450669200179,2.06409701975977,2.503411682396443,0.7894219841143917,0.0030182040671818,45.15176647782082,0.4185535718311448
5665,0.3221376427481387,0.23419066131909105,6.886814310981927,1.6243257689092516,0.6010532545270151,0.00342660563661275,44.32600159956674,0.30363245113154663
5673,0.5926373399081695,0.14740735058057083,4.68092020624773,1.9113348877351872,0.873767624786064,0.00392908065778405,44.81874018621085,0.31437242366592805
5683,0.4815452765875474,0.2339197488705977,8.611862680942348,1.8816096527667812,0.7974893389933837,0.00283979308107831,46.8993871767768,0.46330720567556893
5715,0.5181524795456214,0.12468060182087162,4.422428680102362,2.285950033762401,0.23460429213296885,0.00229660241613799,44.17265697554947,0.281823514041561
5772,0.3257187041310055,0.11192467346104096,4.326481483972505,1.840431886751993,0.22592948833888152,0.00339450507163902,45.34789003121288,0.14803299638312808
5775,0.5518190306646386,0.19856413863465425,5.53455869523429,2.0833151991191565,1.1592045554185475,0.00225032252688376,46.459370460853386,0.4576522851478287
5791,0.43588574043252704,0.19822596138301696,4.174766358095818,1.7134857947680346,0.8290298339478483,0.00281522693667163,43.6369929779023,0.3089610564148821
5798,0.5299756136513101,0.2153291497069023,6.056284861138629,1.7313103387198363,1.0888320149167128,0.00273685095833548,46.90292231999778,0.4100186823843095
5865,0.43607504362312066,0.17651045740297994,5.537161115195055,1.7234812597371,0.4593403779792687,0.00284952460452056,44.20102784011215,0.2680026761668652
5894,0.6409324378543115,0.06840212369631045,4.592035066371029,2.0235472468676843,1.2750168473255643,0.00284149001607388,44.29524101473784,0.19900918426690897
5917,0.3786290956143715,0.16329560902354812,4.195312301337548,1.6122895071130878,0.32467940022111075,0.00287101673349501,44.40304889270909,0.20688613926615212
5921,0.8683363812227369,0.09075981008612824,7.789499197710716,2.5048458388987314,1.1404397381446658,0.002429341687982,44.50835892446008,0.41534010331958093
5951,0.6876133671635787,0.14589318686925884,7.547810099540103,2.299279958167742,0.4263624160966196,0.00289719559104677,47.33633082458833,0.43548046027073894
5959,0.7629831164266179,0.1655911566421933,5.929264953474382,2.376590163823625,1.1013123843557922,0.00238920864137747,47.0581931815383,0.5822667361710567
5960,0.30149564667932355,0.1240772384500422,5.590521065872673,1.8050234255315245,0.2420904706225316,0.00330047682270986,45.74900645126614,0.15213988272009574
5961,0.6684221895024799,0.13989973790696436,10.6706957413944,2.0112660259139945,0.966499013674864,0.00246523897136769,47.05129352173189,0.3538881115206521
5982,0.5398154039382658,0.0932227476141435,2.910812274603678,2.289206035834385,0.4131213062115639,0.002821164857912,44.44560870541856,0.2311327378860172
5989,0.4444737957590303,0.19446972113273997,3.801964216298409,2.0075391934145936,0.554018704300814,0.00264330271345902,45.096832210389984,0.3581632479889367
6007,0.3758102317046312,0.24874069764800957,7.549836802537406,1.6690709292519246,0.5003885536479553,0.00243949072575119,44.32592086940527,0.37598375692925784
6010,0.3514477229213069,0.16093164413024205,6.141073968358854,1.6695028688133358,0.953296761828792,0.00257765750909016,44.82908527163076,0.20082808387422568
6036,0.4821385702007959,0.1429648059207519,5.219244164599751,1.6755195911618617,0.2441649059869764,0.00361939081786755,43.571838854593665,0.22221608529376513
6040,0.438420930599884,0.24518928570541515,3.255948949431718,1.7715339891858246,0.447418393028975,0.00252162370836095,45.53752777448284,0.4351524914708651
6049,0.5128073933246975,0.1338904516463983,5.48187269715371,2.2534690084340254,0.5684986428793731,0.00239644722440599,45.204298840030354,0.2946041777505791
6054,0.589308105127847,0.18759182703437205,6.57432173099705,2.1136172897659007,0.27918405232017324,0.00282535495277942,43.39759927391657,0.4583460460177976
6059,0.9004868681606768,0.1714257259172698,8.341721304255996,2.124470478122646,1.0910115412740409,0.00305043899226153,45.55282775025258,0.6665522019674446
6063,0.538304768609552,0.17383906044895603,6.0818027754776365,1.7347259235300607,0.4948176113765716,0.00291336289295669,44.999932736285665,0.3146500908363152
6066,0.4473023804640499,0.2828776905363581,5.82479754640942,1.8639964752637703,0.6346527568510973,0.0025599918275894,46.84314669042753,0.5837219545238632
6094,0.9861429891973428,0.07964700742058922,3.91720799798638,3.3541293431668096,0.7231259528056093,0.00267150688316592,45.860091079659,0.6063983457180114
6110,0.3663816976068017,0.28770000666181245,7.323459450608886,1.9860768188213096,0.6991926854115212,0.00275788367431746,47.68166097652033,0.5557784622580252
6121,0.3613003452145185,0.17538014827348525,5.037478326969207,1.7607280635955258,0.8726968156389012,0.00267058843399075,45.04164273768899,0.23849457183882805
6126,0.36963518781794663,0.30750036708736633,6.062886642375163,1.983939310927462,0.4362461000578682,0.00270007117347733,47.962181252263214,0.6246566126317838
6138,0.6260902406613256,0.16630846466100968,2.817439972830065,2.6960921734605816,0.34735882949105723,0.00273385737176639,47.354886369541454,0.5354223639465734
6142,0.4167718097227371,0.13111580742583803,4.9640815246074785,1.8130143169950472,0.3680676017926307,0.00447702750553925,43.26717628534232,0.1972580966354093
6149,0.36642734472526206,0.12978965005738427,5.100977195819582,2.0027930280888535,0.4899304416175335,0.00266558567454458,43.27064701736377,0.1976449220514464
6166,0.5364333865752476,0.21888991865111743,5.77729285768819,2.0547913881410262,0.49498669568204934,0.00246456300058608,47.05569630550737,0.5034610010019867
6177,0.40404814994002153,0.20176004612001708,5.163680481203248,1.812788946618648,0.46756150458498014,0.00357090845990354,43.824550642909486,0.31679464325063056
6196,0.3624223488698444,0.11987901165271372,5.710588806150884,1.441700688818709,1.1095736766890991,0.00312807064981016,44.70705662964923,0.13131670032902804
6200,0.7309737661426021,0.16632782326098144,6.755129728804369,1.9612224019734117,0.68280379483457,0.00409802030337713,44.86419705496533,0.4597148438055276
6238,0.6584923040145914,0.10635957061582982,5.075201129799473,2.0162842753447503,1.0435314281226136,0.00257196445795353,43.79038115124698,0.27259139354773565
6289,0.6277994969453728,0.1841948020720835,6.4265859299984145,1.8888554136264477,1.2434105851103143,0.00235122417943414,45.246069081909624,0.42589680479828
6302,0.6478619856502765,0.11205040347092242,8.41679078102384,2.0361826504722833,0.716204074781511,0.00293922681097611,43.82527463375645,0.2824501687333807
6305,0.7998666040822073,0.1533001017675677,5.422508941267159,2.004938462450751,1.127448306777535,0.0031445221540666,44.83517722512803,0.4762988752016165
6317,0.9924761378157853,0.12276117183996828,6.987868294864895,2.2200517737280245,1.0357134522955829,0.00232541492518033,44.10489203472545,0.5608167173774353
6323,0.44276158048794967,0.19895605813390385,6.9494765545969805,1.4023054526521384,1.1782280802780691,0.0026735244877948,43.67662639104878,0.25711220250382616
6331,0.8121749603131765,0.0754673016604366,6.787116537197874,2.162064921490522,1.035603029041107,0.00229170120905356,43.31733184258476,0.29308801169944987
6344,0.8237785474459782,0.12168638807650616,5.752989292353142,2.047412992307017,0.8690117341584744,0.00280865039989317,44.011336191124904,0.40071012795054256
6364,0.7169694202748971,0.10832447443849524,5.524500747789761,2.1163825688844486,0.816452483047043,0.00280803523677268,44.1022771972599,0.3183780098149135
6375,0.7806698071600684,0.16461572541030473,7.076763103178216,1.999717723088688,0.873280039332244,0.00397386369674312,45.25075918768558,0.4999343605115026
6380,0.3976654740519465,0.2498014091723307,4.042911427530709,1.7001372144176856,0.5359781766329419,0.00300192065798276,45.75793031591024,0.4005255144226701
6409,0.48040685097067726,0.1869844060885817,4.99329950520113,1.8414625112357448,0.27958669302363487,0.00352782500762397,44.06473217468436,0.3319227814058424
6433,0.32508564491031067,0.2540006849892185,3.985871250930959,1.8007876297067933,0.4603293908250424,0.00328755468454386,45.04776231878885,0.3830505634525648
6442,0.5336453344677494,0.21433827659089583,4.9733606829090045,1.9870151423312188,0.4714207482649588,0.00249759891648803,45.56258809502677,0.4703848978702831
6457,0.4623129025928254,0.12956164730510983,4.221843523109266,1.8550382110778856,0.3739419221785604,0.00306611244494962,45.92312544435416,0.21576392843419503
6464,0.5355309238368787,0.09922083168583146,5.366243158094966,1.888124555950797,0.344228741881124,0.0031123101888564,43.75654895600947,0.19809995507017825
6476,0.877164028616801,0.16666954466835016,8.402464302509761,2.0991742339291264,1.0844180867835698,0.00300054688373594,45.634855960981184,0.6155126563661691
6481,0.6206698105164186,0.16987489022513813,4.100703521336138,2.419838396868129,0.2459935973093976,0.00247666552052448,43.733749120258835,0.48844835360387506
6538,0.5144467705464154,0.21780166342076457,4.11527161900941,2.0173136158900267,0.3980670909369314,0.00259661279622001,47.78437055566545,0.4731392886556892
6555,0.4019649879758995,0.15561415008796806,4.923421047496751,1.798387925672491,0.3760484830553491,0.00347786121718768,44.33810055595037,0.22762781034833893
6588,0.3296191193496856,0.152246562845289,6.437179218754264,1.457977441085738,0.8940573375917229,0.00269374099827236,44.24034531048565,0.1586034409810188
6596,0.3090947949162888,0.21084779787836985,2.3479551093082303,1.7757791085294037,0.31721606664163704,0.00303695539470213,45.894099257709826,0.27872772543306634
6612,0.32680630960309937,0.08186684475601069,5.957198749694543,1.6957448718909731,0.32866796740241117,0.00287739847840663,45.116321514434055,0.1088143405165007
6613,0.3797520159468287,0.12270796949160868,4.6535396682244645,1.856299585166832,0.9134545846371408,0.00239251238172048,45.2001031653479,0.17799946505388928
6634,0.6349442341028676,0.2133204139360343,4.281237768713473,2.556875093397536,0.6238849952908538,0.0030907542410936,47.49170989524987,0.7092843946656389
6666,0.6516316049107962,0.1690256305235729,4.4640158094709275,2.5250969395315854,0.6254113738902307,0.00293113319900415,46.77134698349564,0.5324433153741207
6704,0.6764158019721185,0.14601953579342225,6.949264418274298,2.63048479907232,0.233397675554952,0.00327341989481263,45.52988805780322,0.4899334818799395
6735,0.8184115204191675,0.1400087832245161,7.480637312482381,2.085284587103335,0.9695244249527248,0.00291898045081419,46.51361844058872,0.46299706830337656
6774,0.4198211795703697,0.182428710946008,5.8004321278616,2.019165246740151,0.6153727304823646,0.00249525372045573,47.074596882740295,0.31804838866555735
6794,0.32224370882654146,0.10257110303946926,4.439731795294219,1.6486040830974822,0.28443902901895635,0.00302292403246966,44.82232565566719,0.12284610280049096
6806,0.5209594612234345,0.11359625109479918,8.106043038485272,1.8832240645568816,0.2894384206151779,0.00241266705313387,43.50083588644527,0.2148503902210594
6819,0.700918787487927,0.13472460334981057,3.208696944579454,2.254492338519077,0.4040356461783915,0.00321496579770448,44.701158301226386,0.4021023868864599
6824,0.4011098673726181,0.12706374368866674,2.827390806447859,1.861907434935067,0.3433399554681673,0.00291477298449455,46.80771534872601,0.19137010638429253
6825,0.9017323581856428,0.09985505404172192,7.472110389847844,2.586747992845733,0.831554080697072,0.00270255639987162,45.02069203297724,0.4828077657690894
6889,0.339447479854085,0.15873773344608877,5.635001162369195,1.980697441859948,0.377664271711708,0.00248030826054282,45.83362433005233,0.2296462387419885
6901,0.552910634075648,0.16651521244452644,4.303984213603343,2.2389669180341585,0.3953982354826163,0.00312778352107086,44.24030750766935,0.3952686325410312
6953,0.4106839346161294,0.24072478334727737,6.974194152821143,1.8900664534587308,0.5273292111111587,0.00267021099017895,47.197559086366816,0.4303604348729082
6976,0.7299921280490347,0.19296573553079505,5.065531438546134,2.555876586083712,0.26089475018066005,0.00263307321193627,46.411015187571536,0.7189745604299178
6982,0.3580434877743158,0.20688543163546708,4.802833531753195,1.7778834271863413,0.26278182037619846,0.00225447344165504,43.09342051953026,0.2966012357420667
7004,0.39788011728914097,0.1606033398509006,6.337811151791163,1.9492416439275784,0.2570020181904198,0.00290505204763732,47.02984509931044,0.2538064716957061
7009,0.4551739816567518,0.2503635297882293,2.110821320272824,2.323015031741355,0.5093376547575885,0.00252067759686696,47.896645645591995,0.6064138231404381
7020,0.32243164154281695,0.22635096577549313,4.4918012410453665,1.5892807340665116,0.9000432280171613,0.00225811884669029,44.83144479820734,0.2826846300649791
7032,0.6217832101080192,0.10247218407699256,2.4940968619243846,2.0138686637295033,0.4687447037337414,0.00325468286550934,45.82385388414874,0.24932951845098145
7045,0.4627192583472719,0.11297861853901994,6.424467231327399,2.3113453633943677,0.2006181248451023,0.00286445005711402,44.21213210304977,0.2379497510048755
20022,0.6158590386021217,0.2431918708378895,6.413039704633008,2.100298242791355,0.42154081323656434,0.00247652059353507,47.667616363186205,0.6845388533464724
20041,0.3511371248802283,0.16725052812317348,4.074015399655337,1.68316558465799,0.8621969063622652,0.00285934967796631,43.11444332688621,0.2115741637001293
20052,0.49162829138235464,0.14798043692018836,4.8423495181037195,2.4472254268140725,0.3814095261848503,0.00254350312688852,43.79948540085083,0.34194357303488115
20054,0.36646204353027206,0.22891397974661476,5.592793116398571,1.389584802561823,0.7864894993928588,0.003017283748018,43.17610272935879,0.27169598637577275
20082,0.8683988587846938,0.1878321443181446,4.658952349573909,2.7882834628907425,0.576521828663689,0.00303619793856873,47.11248387278501,0.9344325263322146
20090,0.46060459082956806,0.13241840061532567,7.370368676235209,1.7591878889985673,0.7307885943600347,0.00282957811868943,45.607739428319725,0.20833570023336032
20102,0.5060146986035575,0.16211786677643153,5.066953843395882,1.6419522101893815,0.6855900860149218,0.0034129834850325,43.099415919543134,0.2599503508594047
20108,0.9031644650834704,0.1630455788593041,4.11507577033675,2.9661870911340893,0.8691046460502387,0.00289943287280622,47.38853882350184,0.8809398666348719
20110,0.4797223390187176,0.1285511470157692,4.5895381640329145,2.206052753464124,0.3808228750168942,0.00206284772056403,44.27905178155255,0.26233210940872853
20133,0.33542892430742033,0.2655335885115278,6.5615741839978385,1.5246199102700475,1.0944981709173225,0.0024014300202701,46.88533255460658,0.3543697919818846
20136,0.37536433099312305,0.11888398649068356,4.702842823590601,1.4987511844747696,0.9518645486175206,0.0031924136394254,43.51512163259911,0.13863054840355898
20155,0.43610436711047873,0.18080566891975275,8.338696795059125,1.7634908809386445,0.5732221522664878,0.00297793948268651,43.34420220971155,0.28250447641425713
20160,0.4876261108270282,0.19001141638478344,3.607381411887173,1.936144833716648,0.2187321676935717,0.00370395977797145,47.15394502350093,0.3606421124292311
20192,0.5213178593841945,0.17226589071195922,5.182270418170275,1.7239610815790245,0.3756076219171737,0.00314666133212071,43.56053107213727,0.30067783338048637
20197,0.6329264869871003,0.12249023539286572,6.08736505067909,2.427164758159037,0.8081325032275948,0.00254081929192024,44.15749515693944,0.3552591343912931
20224,0.5727233982531176,0.1134879741038778,5.277048373421664,2.0703107018236873,0.7015104724345453,0.00273825830395507,44.09828879725705,0.25708055125918083
20238,0.6597802560221149,0.10387800835007024,5.808742073098132,1.8620544807177448,1.230319522229326,0.00280077237758863,44.92223748917954,0.24759072728241893
20243,0.6401615865977419,0.20008105940583237,8.776498488061257,1.5380177465673348,1.265444980451076,0.00323009122181566,46.06745380280216,0.394002061002842
20250,0.637595044611067,0.1242619295699328,6.248111136954037,1.935235653015829,0.7550100785708631,0.00280271738138305,45.26009278337297,0.2891426510866916
20258,0.4816193561097363,0.20319901677824093,6.271601680400481,2.208913103528905,0.21156813749827488,0.00264080687262107,47.11764865714307,0.445177768271741
20276,0.42712294254094807,0.18925960451260132,5.197533924414212,2.191970746635725,0.2720648150669389,0.00291363670883923,45.62917887942924,0.36638770905022
20282,0.5720339750081527,0.17640464537228495,6.399799335089206,1.6378692713192735,1.4588230344352384,0.00254624399398863,45.77401345167014,0.31970770981110824
20300,0.350217211248507,0.27680309585078505,5.0734696266984445,1.760904867990354,0.9791281916668624,0.00259260681173594,46.91907270146654,0.44938033144898953
20324,0.6503016914835356,0.21064346849848903,5.145296658078214,2.028989036019985,0.21265679573648597,0.0036647053230685,46.106048925972026,0.5667481226855708
20336,0.6015031052967271,0.2017848320453544,7.109229938354497,2.0821777608628063,0.36002315769979976,0.00299929603210369,44.513808288265096,0.506957629697276
20380,0.31722473025953113,0.2108697522585377,5.2631608702487025,1.361156539879542,1.0150504778428913,0.00348319774188822,45.2633978521694,0.21681957832794568
20392,0.6445028659861549,0.18683367533855877,8.050747073335092,1.8900167180669192,0.8624483415369344,0.00264363368302816,43.59981798537669,0.44570190971681384
20393,0.3183174688704246,0.32062776312917507,4.820339134446812,1.7568481373971532,0.7610696308386826,0.00299491070008645,47.539201007159136,0.5426573981450125
20427,0.660020186579223,0.1278485293233612,6.594295533866132,1.6841817867637303,1.4218047234159683,0.0029799509507644,44.711839713690495,0.267778412865507
20443,0.4688136260294672,0.24035811148971165,3.9582340227760366,1.9410868457394423,0.5992927411243393,0.00299467652532639,45.74454207403706,0.4872113261903723
20452,0.3560464132496796,0.28987096708277627,11.066957092502808,1.2259323317485415,1.3018381542876667,0.00220850129521567,44.89465262165118,0.34110534951656846
20474,0.5861992872062026,0.21029306657828273,3.9371571838728,2.112039405131884,0.7126907696585099,0.00263418901009876,46.7563959225166,0.5307940954558215
20487,0.6294599792270757,0.16585452999974756,3.618480012181496,2.184228705740215,0.4948886213024176,0.00295573388621618,46.36860310116251,0.4347361250916199
20490,0.6747944877548204,0.15878012376053763,4.427834968396136,2.9311746801517526,0.24488743039891997,0.00289521876149184,47.85067304640968,0.5965478492304801
20499,0.3541642111961231,0.2626012292552739,4.47918779620554,1.6552292146987049,0.4167464231777784,0.00295524560096074,45.68445808667464,0.3907511272040671
20527,0.3257405167364297,0.22328624583183945,5.397394210070082,1.3998502339796812,0.35842314483834203,0.0041255586133114,44.87438923728783,0.2455577188674095
20539,1.0954927694770085,0.09587233888858464,8.784892514802944,2.390659571107814,1.2085747687314818,0.00323681090400049,44.91422767872908,0.5707238239485789
20545,0.8646939657540831,0.08021041338086943,7.803711424838383,2.265306201239071,1.4482739940860048,0.00270131721181299,46.449379652675674,0.34459300371947993
20551,0.6807529780650257,0.18818579377247757,4.991725610728074,2.1821492401757734,0.787487469399569,0.00288607601856096,46.95659072671824,0.5501380195601936
20568,0.6875039726691324,0.16705685019728456,9.677672181697876,2.052375144776568,0.8903484708667988,0.00221923370723014,44.13399828833866,0.4517888017268189
20581,0.3051339342482934,0.26386446376273137,7.422822626216036,1.908068242421172,0.4390942697974992,0.00296250506554904,47.01862440843266,0.41587607417330225
20588,0.5705607423742942,0.0713708991841413,9.222870488522696,1.937536833532752,0.7263100925766646,0.0026374688629279,43.849019528000206,0.1739938836733503
20600,0.4144058248682162,0.13107451792388844,4.7702499188206176,2.1013202731304967,0.29499024439808563,0.00246569347367105,43.97146521478011,0.22762304374359577
20625,0.5056542196276521,0.08942857908180449,4.994057847366347,1.7448553460237817,0.8435505487971633,0.00344658616272095,45.08978715613535,0.16167946380321796
20633,0.5659498714032156,0.1086121481266668,3.7676009119718774,2.212850271888798,0.3585190044095725,0.00365956764615062,43.46139935052313,0.262014210102128
20643,0.4107269177488775,0.1297527981567565,2.914512804056833,1.9398202383262917,0.36687609421255984,0.00386478011749977,47.899264007053645,0.2067805611320622
20664,1.0072593939161425,0.10786829627613576,7.911269492473445,2.139697674103186,0.7099576548344253,0.00320252949263454,43.08469043295456,0.4940729890299309
